file,glass_id,manufacturer,ref_id,tau_v_percent,tau_UVA_315_380_percent,tau_SB_380_500_percent_ISO8980,tauV_percent_ISO8980,tau_SUVB_280_315_percent_ISO8980,tau_SUVA_315_380_percent_ISO8980,n_points,tauV_category_ISO12312_1,tauV_category_status,tauV_driving_ok,lambda_declared_nm_A1_2025
HOYA_01_W01_20251217_123457_TOPCON_SOLOS_420001417.xml,HOYA_01,HOYA,,93.943,21.242,93.172,93.943,,15.012,486,0,ok,True,
HOYA_01_W02_20251217_123522_TOPCON_SOLOS_420001417.xml,HOYA_01,HOYA,,94.809,21.242,93.564,94.809,,14.973,486,0,ok,True,
HOYA_01_W03_20251217_123558_TOPCON_SOLOS_420001417.xml,HOYA_01,HOYA,,94.66,21.364,93.493,94.66,,15.099,486,0,ok,True,
HOYA_01_W04_20251217_123637_TOPCON_SOLOS_420001417.xml,HOYA_01,HOYA,,95.612,21.288,94.327,95.612,,15.036,486,0,ok,True,
HOYA_01_W05_20251217_123701_TOPCON_SOLOS_420001417.xml,HOYA_01,HOYA,,95.54,21.333,94.098,95.54,,15.072,486,0,ok,True,
HOYA_01_W06_20251217_123738_TOPCON_SOLOS_420001417.xml,HOYA_01,HOYA,,94.6,21.318,93.483,94.6,,15.063,486,0,ok,True,
HOYA_01_W07_20251217_123801_TOPCON_SOLOS_420001417.xml,HOYA_01,HOYA,,94.631,21.273,93.577,94.631,,15.018,486,0,ok,True,
HOYA_01_W08_20251217_123830_TOPCON_SOLOS_420001417.xml,HOYA_01,HOYA,,94.412,21.273,93.399,94.412,,15.006,486,0,ok,True,
HOYA_01_W09_20251217_123855_TOPCON_SOLOS_420001417.xml,HOYA_01,HOYA,,94.67,21.197,93.464,94.67,,14.953,486,0,ok,True,
HOYA_01_W10_20251217_123923_TOPCON_SOLOS_420001417.xml,HOYA_01,HOYA,,94.635,21.242,93.491,94.635,,14.999,486,0,ok,True,
HOYA_02_W01_20251217_124855_TOPCON_SOLOS_420001417.xml,HOYA_02,HOYA,,95.627,21.455,94.151,95.627,,15.153,486,0,ok,True,
HOYA_02_W02_20251217_124921_TOPCON_SOLOS_420001417.xml,HOYA_02,HOYA,,95.377,21.242,94.071,95.377,,14.98,486,0,ok,True,
HOYA_02_W03_20251217_124948_TOPCON_SOLOS_420001417.xml,HOYA_02,HOYA,,95.67,21.47,94.293,95.67,,15.172,486,0,ok,True,
HOYA_02_W04_20251217_125211_TOPCON_SOLOS_420001417.xml,HOYA_02,HOYA,,94.737,21.394,93.428,94.737,,15.124,486,0,ok,True,
HOYA_02_W05_20251217_125305_TOPCON_SOLOS_420001417.xml,HOYA_02,HOYA,,95.066,21.545,93.677,95.066,,15.244,486,0,ok,True,
HOYA_02_W06_20251217_125330_TOPCON_SOLOS_420001417.xml,HOYA_02,HOYA,,94.428,21.379,93.26,94.428,,15.085,486,0,ok,True,
HOYA_02_W07_20251217_125409_TOPCON_SOLOS_420001417.xml,HOYA_02,HOYA,,94.099,21.455,93.325,94.099,,15.161,486,0,ok,True,
HOYA_02_W08_20251217_125437_TOPCON_SOLOS_420001417.xml,HOYA_02,HOYA,,95.635,21.515,94.344,95.635,,15.205,486,0,ok,True,
HOYA_02_W09_20251217_125505_TOPCON_SOLOS_420001417.xml,HOYA_02,HOYA,,94.252,21.455,93.371,94.252,,15.161,486,0,ok,True,
HOYA_02_W10_20251217_125535_TOPCON_SOLOS_420001417.xml,HOYA_02,HOYA,,94.653,21.424,93.403,94.653,,15.147,486,0,ok,True,
HOYA_03_W01_20251217_130050_TOPCON_SOLOS_420001417.xml,HOYA_03,HOYA,,93.898,20.621,92.816,93.898,,14.51,486,0,ok,True,
HOYA_03_W02_20251217_130119_TOPCON_SOLOS_420001417.xml,HOYA_03,HOYA,,95.387,20.606,93.915,95.387,,14.471,486,0,ok,True,
HOYA_03_W03_20251217_130144_TOPCON_SOLOS_420001417.xml,HOYA_03,HOYA,,95.883,20.667,94.477,95.883,,14.522,486,0,ok,True,
HOYA_03_W04_20251217_130208_TOPCON_SOLOS_420001417.xml,HOYA_03,HOYA,,94.451,20.727,93.409,94.451,,14.581,486,0,ok,True,
HOYA_03_W05_20251217_130259_TOPCON_SOLOS_420001417.xml,HOYA_03,HOYA,,94.829,20.576,93.529,94.829,,14.456,486,0,ok,True,
HOYA_03_W06_20251217_130341_TOPCON_SOLOS_420001417.xml,HOYA_03,HOYA,,94.54,20.591,93.395,94.54,,14.462,486,0,ok,True,
HOYA_03_W07_20251217_130418_TOPCON_SOLOS_420001417.xml,HOYA_03,HOYA,,94.767,20.773,93.576,94.767,,14.623,486,0,ok,True,
HOYA_03_W08_20251217_130447_TOPCON_SOLOS_420001417.xml,HOYA_03,HOYA,,94.77,20.652,93.45,94.77,,14.514,486,0,ok,True,
HOYA_03_W09_20251217_130518_TOPCON_SOLOS_420001417.xml,HOYA_03,HOYA,,94.756,20.576,93.292,94.756,,14.45,486,0,ok,True,
HOYA_03_W10_20251217_130551_TOPCON_SOLOS_420001417.xml,HOYA_03,HOYA,,94.866,20.636,93.577,94.866,,14.496,486,0,ok,True,
HOYA_04_W01_20251217_131056_TOPCON_SOLOS_420001417.xml,HOYA_04,HOYA,,93.799,20.621,92.779,93.799,,14.496,486,0,ok,True,
HOYA_04_W02_20251217_131134_TOPCON_SOLOS_420001417.xml,HOYA_04,HOYA,,94.776,20.667,93.553,94.776,,14.512,486,0,ok,True,
HOYA_04_W03_20251217_131205_TOPCON_SOLOS_420001417.xml,HOYA_04,HOYA,,94.202,20.667,93.212,94.202,,14.529,486,0,ok,True,
HOYA_04_W04_20251217_131232_TOPCON_SOLOS_420001417.xml,HOYA_04,HOYA,,94.013,20.591,92.977,94.013,,14.459,486,0,ok,True,
HOYA_04_W05_20251217_131256_TOPCON_SOLOS_420001417.xml,HOYA_04,HOYA,,94.541,20.697,93.498,94.541,,14.543,486,0,ok,True,
HOYA_04_W06_20251217_131322_TOPCON_SOLOS_420001417.xml,HOYA_04,HOYA,,93.93,20.667,93.034,93.93,,14.526,486,0,ok,True,
HOYA_04_W07_20251217_131354_TOPCON_SOLOS_420001417.xml,HOYA_04,HOYA,,94.751,20.758,93.748,94.751,,14.6,486,0,ok,True,
HOYA_04_W08_20251217_131425_TOPCON_SOLOS_420001417.xml,HOYA_04,HOYA,,94.786,20.727,93.485,94.786,,14.566,486,0,ok,True,
HOYA_04_W09_20251217_131455_TOPCON_SOLOS_420001417.xml,HOYA_04,HOYA,,94.861,20.758,93.586,94.861,,14.6,486,0,ok,True,
HOYA_04_W10_20251217_131529_TOPCON_SOLOS_420001417.xml,HOYA_04,HOYA,,94.078,20.833,93.296,94.078,,14.673,486,0,ok,True,
HOYA_05_W01_20251217_131924_TOPCON_SOLOS_420001417.xml,HOYA_05,HOYA,,93.882,20.985,92.543,93.882,,14.797,486,0,ok,True,
HOYA_05_W02_20251217_131954_TOPCON_SOLOS_420001417.xml,HOYA_05,HOYA,,94.415,21.212,93.388,94.415,,14.952,486,0,ok,True,
HOYA_05_W03_20251217_132029_TOPCON_SOLOS_420001417.xml,HOYA_05,HOYA,,94.699,21.288,93.497,94.699,,15.054,486,0,ok,True,
HOYA_05_W04_20251217_132059_TOPCON_SOLOS_420001417.xml,HOYA_05,HOYA,,94.016,21.227,93.399,94.016,,14.993,486,0,ok,True,
HOYA_05_W05_20251217_132127_TOPCON_SOLOS_420001417.xml,HOYA_05,HOYA,,94.106,21.121,93.183,94.106,,14.895,486,0,ok,True,
HOYA_05_W06_20251217_132157_TOPCON_SOLOS_420001417.xml,HOYA_05,HOYA,,94.327,21.227,93.521,94.327,,14.964,486,0,ok,True,
HOYA_05_W07_20251217_132226_TOPCON_SOLOS_420001417.xml,HOYA_05,HOYA,,94.785,21.152,93.573,94.785,,14.914,486,0,ok,True,
HOYA_05_W08_20251217_132258_TOPCON_SOLOS_420001417.xml,HOYA_05,HOYA,,94.801,21.152,93.413,94.801,,14.914,486,0,ok,True,
HOYA_05_W09_20251217_132332_TOPCON_SOLOS_420001417.xml,HOYA_05,HOYA,,94.852,21.136,93.718,94.852,,14.904,486,0,ok,True,
HOYA_05_W10_20251217_132405_TOPCON_SOLOS_420001417.xml,HOYA_05,HOYA,,94.857,21.091,93.681,94.857,,14.871,486,0,ok,True,
HOYA_06_W01_20251217_160341_TOPCON_SOLOS_420001417.xml,HOYA_06,HOYA,,94.318,21.348,93.129,94.318,,15.103,486,0,ok,True,
HOYA_06_W02_20251217_160412_TOPCON_SOLOS_420001417.xml,HOYA_06,HOYA,,93.783,21.318,93.0,93.783,,15.067,486,0,ok,True,
HOYA_06_W03_20251217_160932_TOPCON_SOLOS_420001417.xml,HOYA_06,HOYA,,93.701,21.258,92.456,93.701,,15.03,486,0,ok,True,
HOYA_06_W04_20251217_160515_TOPCON_SOLOS_420001417.xml,HOYA_06,HOYA,,94.542,21.439,93.487,94.542,,15.15,486,0,ok,True,
HOYA_06_W05_20251217_160543_TOPCON_SOLOS_420001417.xml,HOYA_06,HOYA,,94.701,21.485,93.441,94.701,,15.183,486,0,ok,True,
HOYA_06_W06_20251217_160612_TOPCON_SOLOS_420001417.xml,HOYA_06,HOYA,,94.594,21.455,93.44,94.594,,15.161,486,0,ok,True,
HOYA_06_W07_20251217_160642_TOPCON_SOLOS_420001417.xml,HOYA_06,HOYA,,94.181,21.394,93.174,94.181,,15.127,486,0,ok,True,
HOYA_06_W08_20251217_160706_TOPCON_SOLOS_420001417.xml,HOYA_06,HOYA,,94.173,21.455,93.283,94.173,,15.161,486,0,ok,True,
HOYA_06_W09_20251217_160731_TOPCON_SOLOS_420001417.xml,HOYA_06,HOYA,,94.751,21.5,93.495,94.751,,15.212,486,0,ok,True,
HOYA_06_W10_20251217_160804_TOPCON_SOLOS_420001417.xml,HOYA_06,HOYA,,94.909,21.242,93.662,94.909,,14.999,486,0,ok,True,
HOYA_07_W01_20251217_161155_TOPCON_SOLOS_420001417.xml,HOYA_07,HOYA,,94.526,20.848,93.231,94.526,,14.689,486,0,ok,True,
HOYA_07_W02_20251217_161227_TOPCON_SOLOS_420001417.xml,HOYA_07,HOYA,,94.702,20.939,93.366,94.702,,14.757,486,0,ok,True,
HOYA_07_W03_20251217_161254_TOPCON_SOLOS_420001417.xml,HOYA_07,HOYA,,95.034,21.091,93.7,95.034,,14.888,486,0,ok,True,
HOYA_07_W04_20251217_161330_TOPCON_SOLOS_420001417.xml,HOYA_07,HOYA,,94.78,20.97,93.811,94.78,,14.782,486,0,ok,True,
HOYA_07_W05_20251217_161401_TOPCON_SOLOS_420001417.xml,HOYA_07,HOYA,,94.693,21.0,93.455,94.693,,14.81,486,0,ok,True,
HOYA_07_W06_20251217_161427_TOPCON_SOLOS_420001417.xml,HOYA_07,HOYA,,94.845,21.061,93.517,94.845,,14.857,486,0,ok,True,
HOYA_07_W07_20251217_161454_TOPCON_SOLOS_420001417.xml,HOYA_07,HOYA,,94.151,20.924,93.404,94.151,,14.757,486,0,ok,True,
HOYA_07_W08_20251217_161525_TOPCON_SOLOS_420001417.xml,HOYA_07,HOYA,,94.675,20.909,93.412,94.675,,14.745,486,0,ok,True,
HOYA_07_W09_20251217_161638_TOPCON_SOLOS_420001417.xml,HOYA_07,HOYA,,95.21,20.894,93.923,95.21,,14.724,486,0,ok,True,
HOYA_07_W10_20251217_161712_TOPCON_SOLOS_420001417.xml,HOYA_07,HOYA,,94.432,20.955,93.289,94.432,,14.764,486,0,ok,True,
HOYA_08_W01_20251217_161912_TOPCON_SOLOS_420001417.xml,HOYA_08,HOYA,,93.869,20.864,93.007,93.869,,14.693,486,0,ok,True,
HOYA_08_W02_20251217_161942_TOPCON_SOLOS_420001417.xml,HOYA_08,HOYA,,93.991,20.773,93.14,93.991,,14.596,486,0,ok,True,
HOYA_08_W03_20251217_162010_TOPCON_SOLOS_420001417.xml,HOYA_08,HOYA,,95.006,20.864,93.784,95.006,,14.693,486,0,ok,True,
HOYA_08_W04_20251217_162039_TOPCON_SOLOS_420001417.xml,HOYA_08,HOYA,,94.608,20.803,93.208,94.608,,14.63,486,0,ok,True,
HOYA_08_W05_20251217_162104_TOPCON_SOLOS_420001417.xml,HOYA_08,HOYA,,94.726,20.894,93.309,94.726,,14.719,486,0,ok,True,
HOYA_08_W06_20251217_162130_TOPCON_SOLOS_420001417.xml,HOYA_08,HOYA,,94.312,20.773,93.283,94.312,,14.609,486,0,ok,True,
HOYA_08_W07_20251217_162155_TOPCON_SOLOS_420001417.xml,HOYA_08,HOYA,,93.973,20.879,93.099,93.973,,14.709,486,0,ok,True,
HOYA_08_W08_20251217_162219_TOPCON_SOLOS_420001417.xml,HOYA_08,HOYA,,94.751,20.879,93.49,94.751,,14.698,486,0,ok,True,
HOYA_08_W09_20251217_162243_TOPCON_SOLOS_420001417.xml,HOYA_08,HOYA,,95.536,20.864,94.244,95.536,,14.688,486,0,ok,True,
HOYA_08_W10_20251217_162311_TOPCON_SOLOS_420001417.xml,HOYA_08,HOYA,,94.252,20.788,93.355,94.252,,14.63,486,0,ok,True,
HOYA_09_W01_20251217_162458_TOPCON_SOLOS_420001417.xml,HOYA_09,HOYA,,95.25,21.727,94.026,95.25,,15.372,486,0,ok,True,
HOYA_09_W02_20251217_162530_TOPCON_SOLOS_420001417.xml,HOYA_09,HOYA,,94.735,21.894,93.491,94.735,,15.521,486,0,ok,True,
HOYA_09_W03_20251217_162559_TOPCON_SOLOS_420001417.xml,HOYA_09,HOYA,,94.771,21.758,93.701,94.771,,15.404,486,0,ok,True,
HOYA_09_W04_20251217_162623_TOPCON_SOLOS_420001417.xml,HOYA_09,HOYA,,94.866,21.97,94.129,94.866,,15.581,486,0,ok,True,
HOYA_09_W05_20251217_162647_TOPCON_SOLOS_420001417.xml,HOYA_09,HOYA,,94.471,21.833,93.384,94.471,,15.463,486,0,ok,True,
HOYA_09_W06_20251217_162714_TOPCON_SOLOS_420001417.xml,HOYA_09,HOYA,,94.577,21.924,93.573,94.577,,15.533,486,0,ok,True,
HOYA_09_W07_20251217_162738_TOPCON_SOLOS_420001417.xml,HOYA_09,HOYA,,95.446,21.712,94.285,95.446,,15.374,486,0,ok,True,
HOYA_09_W08_20251217_162806_TOPCON_SOLOS_420001417.xml,HOYA_09,HOYA,,94.186,21.894,93.44,94.186,,15.523,486,0,ok,True,
HOYA_09_W09_20251217_162837_TOPCON_SOLOS_420001417.xml,HOYA_09,HOYA,,94.984,21.758,93.992,94.984,,15.407,486,0,ok,True,
HOYA_09_W10_20251217_162909_TOPCON_SOLOS_420001417.xml,HOYA_09,HOYA,,94.611,21.712,93.459,94.611,,15.368,486,0,ok,True,
HOYA_10_W01_20251217_163200_TOPCON_SOLOS_420001417.xml,HOYA_10,HOYA,,94.745,21.061,93.433,94.745,,14.854,486,0,ok,True,
HOYA_10_W02_20251217_163240_TOPCON_SOLOS_420001417.xml,HOYA_10,HOYA,,94.754,21.091,93.304,94.754,,14.88,486,0,ok,True,
HOYA_10_W03_20251217_163308_TOPCON_SOLOS_420001417.xml,HOYA_10,HOYA,,94.583,21.045,93.398,94.583,,14.837,486,0,ok,True,
HOYA_10_W04_20251217_163338_TOPCON_SOLOS_420001417.xml,HOYA_10,HOYA,,94.059,21.152,93.315,94.059,,14.936,486,0,ok,True,
HOYA_10_W05_20251217_163406_TOPCON_SOLOS_420001417.xml,HOYA_10,HOYA,,94.048,21.045,93.082,94.048,,14.837,486,0,ok,True,
HOYA_10_W06_20251217_163440_TOPCON_SOLOS_420001417.xml,HOYA_10,HOYA,,93.861,21.061,93.047,93.861,,14.846,486,0,ok,True,
HOYA_10_W07_20251217_163511_TOPCON_SOLOS_420001417.xml,HOYA_10,HOYA,,94.512,21.318,93.426,94.512,,15.073,486,0,ok,True,
HOYA_10_W08_20251217_163541_TOPCON_SOLOS_420001417.xml,HOYA_10,HOYA,,94.86,21.03,93.558,94.86,,14.84,486,0,ok,True,
HOYA_10_W09_20251217_163616_TOPCON_SOLOS_420001417.xml,HOYA_10,HOYA,,94.858,21.121,93.666,94.858,,14.913,486,0,ok,True,
HOYA_10_W10_20251217_163642_TOPCON_SOLOS_420001417.xml,HOYA_10,HOYA,,94.486,21.288,93.55,94.486,,15.062,486,0,ok,True,
MPO_01_W01_20260113_125550_TOPCON_SOLOS_420001417.xml,MPO_01,MPO,,76.523,11.106,77.915,76.523,,7.325,486,1,ok,True,
MPO_01_W02_20260113_125638_TOPCON_SOLOS_420001417.xml,MPO_01,MPO,,76.563,11.0,78.086,76.563,,7.22,486,1,ok,True,
MPO_01_W03_20260113_125659_TOPCON_SOLOS_420001417.xml,MPO_01,MPO,,76.395,10.742,77.626,76.395,,7.007,486,1,ok,True,
MPO_01_W04_20260113_125723_TOPCON_SOLOS_420001417.xml,MPO_01,MPO,,76.647,10.773,78.097,76.647,,7.015,486,1,ok,True,
MPO_01_W05_20260113_125743_TOPCON_SOLOS_420001417.xml,MPO_01,MPO,,76.624,11.0,78.107,76.624,,7.262,486,1,ok,True,
MPO_01_W06_20260113_125802_TOPCON_SOLOS_420001417.xml,MPO_01,MPO,,76.693,11.182,78.172,76.693,,7.421,486,1,ok,True,
MPO_01_W07_20260113_125822_TOPCON_SOLOS_420001417.xml,MPO_01,MPO,,76.703,11.106,78.106,76.703,,7.349,486,1,ok,True,
MPO_01_W08_20260113_125849_TOPCON_SOLOS_420001417.xml,MPO_01,MPO,,76.66,10.97,78.154,76.66,,7.22,486,1,ok,True,
MPO_01_W09_20260113_125914_TOPCON_SOLOS_420001417.xml,MPO_01,MPO,,76.561,10.879,77.879,76.561,,7.109,486,1,ok,True,
MPO_01_W10_20260113_125937_TOPCON_SOLOS_420001417.xml,MPO_01,MPO,,76.589,11.121,78.059,76.589,,7.384,486,1,ok,True,
MPO_02_W01_20260113_130255_TOPCON_SOLOS_420001417.xml,MPO_02,MPO,,76.052,10.364,77.416,76.052,,6.681,486,1,ok,True,
MPO_02_W02_20260113_130319_TOPCON_SOLOS_420001417.xml,MPO_02,MPO,,76.282,11.182,77.713,76.282,,7.414,486,1,ok,True,
MPO_02_W03_20260113_130340_TOPCON_SOLOS_420001417.xml,MPO_02,MPO,,76.337,11.03,77.671,76.337,,7.262,486,1,ok,True,
MPO_02_W04_20260113_130359_TOPCON_SOLOS_420001417.xml,MPO_02,MPO,,76.161,11.091,77.67,76.161,,7.329,486,1,ok,True,
MPO_02_W05_20260113_130421_TOPCON_SOLOS_420001417.xml,MPO_02,MPO,,76.272,10.97,77.582,76.272,,7.193,486,1,ok,True,
MPO_02_W06_20260113_130445_TOPCON_SOLOS_420001417.xml,MPO_02,MPO,,76.417,11.061,77.905,76.417,,7.267,486,1,ok,True,
MPO_02_W07_20260113_130506_TOPCON_SOLOS_420001417.xml,MPO_02,MPO,,76.335,11.015,77.767,76.335,,7.26,486,1,ok,True,
MPO_02_W08_20260113_130528_TOPCON_SOLOS_420001417.xml,MPO_02,MPO,,76.28,11.0,77.709,76.28,,7.243,486,1,ok,True,
MPO_02_W09_20260113_130551_TOPCON_SOLOS_420001417.xml,MPO_02,MPO,,76.363,11.227,77.752,76.363,,7.46,486,1,ok,True,
MPO_02_W10_20260113_130615_TOPCON_SOLOS_420001417.xml,MPO_02,MPO,,76.373,11.197,77.841,76.373,,7.426,486,1,ok,True,
MPO_03_W01_20260113_131053_TOPCON_SOLOS_420001417.xml,MPO_03,MPO,,75.056,10.03,75.885,75.056,,6.461,486,1,ok,True,
MPO_03_W02_20260113_131121_TOPCON_SOLOS_420001417.xml,MPO_03,MPO,,75.628,10.894,76.718,75.628,,7.245,486,1,ok,True,
MPO_03_W03_20260113_131143_TOPCON_SOLOS_420001417.xml,MPO_03,MPO,,75.482,10.576,76.464,75.482,,6.909,486,1,ok,True,
MPO_03_W04_20260113_131204_TOPCON_SOLOS_420001417.xml,MPO_03,MPO,,75.699,10.833,76.758,75.699,,7.179,486,1,ok,True,
MPO_03_W05_20260113_131223_TOPCON_SOLOS_420001417.xml,MPO_03,MPO,,75.447,10.864,76.356,75.447,,7.212,486,1,ok,True,
MPO_03_W06_20260113_131243_TOPCON_SOLOS_420001417.xml,MPO_03,MPO,,75.307,10.682,76.223,75.307,,7.024,486,1,ok,True,
MPO_03_W07_20260113_131304_TOPCON_SOLOS_420001417.xml,MPO_03,MPO,,75.356,10.53,76.263,75.356,,6.866,486,1,ok,True,
MPO_03_W08_20260113_131327_TOPCON_SOLOS_420001417.xml,MPO_03,MPO,,75.599,10.909,76.542,75.599,,7.248,486,1,ok,True,
MPO_03_W09_20260113_131715_TOPCON_SOLOS_420001417.xml,MPO_03,MPO,,75.478,10.576,76.272,75.478,,6.909,486,1,ok,True,
MPO_03_W10_20260113_131435_TOPCON_SOLOS_420001417.xml,MPO_03,MPO,,75.451,10.682,76.299,75.451,,7.024,486,1,ok,True,
MPO_04_W01_20260113_131955_TOPCON_SOLOS_420001417.xml,MPO_04,MPO,,75.888,10.045,76.904,75.888,,6.462,486,1,ok,True,
MPO_04_W02_20260113_132017_TOPCON_SOLOS_420001417.xml,MPO_04,MPO,,75.859,10.727,76.951,75.859,,7.057,486,1,ok,True,
MPO_04_W03_20260113_132039_TOPCON_SOLOS_420001417.xml,MPO_04,MPO,,75.792,10.545,76.823,75.792,,6.884,486,1,ok,True,
MPO_04_W04_20260113_132100_TOPCON_SOLOS_420001417.xml,MPO_04,MPO,,76.036,10.924,77.187,76.036,,7.259,486,1,ok,True,
MPO_04_W05_20260113_132124_TOPCON_SOLOS_420001417.xml,MPO_04,MPO,,75.956,10.53,77.047,75.956,,6.869,486,1,ok,True,
MPO_04_W06_20260113_132145_TOPCON_SOLOS_420001417.xml,MPO_04,MPO,,75.892,10.788,77.015,75.892,,7.11,486,1,ok,True,
MPO_04_W07_20260113_132211_TOPCON_SOLOS_420001417.xml,MPO_04,MPO,,75.962,10.803,77.283,75.962,,7.128,486,1,ok,True,
MPO_04_W08_20260113_132248_TOPCON_SOLOS_420001417.xml,MPO_04,MPO,,75.863,11.258,77.079,75.863,,7.633,486,1,ok,True,
MPO_04_W09_20260113_132309_TOPCON_SOLOS_420001417.xml,MPO_04,MPO,,76.04,10.955,77.176,76.04,,7.238,486,1,ok,True,
MPO_04_W10_20260113_132333_TOPCON_SOLOS_420001417.xml,MPO_04,MPO,,75.973,10.955,77.172,75.973,,7.264,486,1,ok,True,
MPO_05_W01_20260113_132609_TOPCON_SOLOS_420001417.xml,MPO_05,MPO,,93.236,13.076,92.319,93.236,,8.579,486,0,ok,True,
MPO_05_W02_20260113_132632_TOPCON_SOLOS_420001417.xml,MPO_05,MPO,,94.063,13.409,93.381,94.063,,8.887,486,0,ok,True,
MPO_05_W03_20260113_132654_TOPCON_SOLOS_420001417.xml,MPO_05,MPO,,94.034,13.348,93.316,94.034,,8.843,486,0,ok,True,
MPO_05_W04_20260113_132724_TOPCON_SOLOS_420001417.xml,MPO_05,MPO,,94.044,13.561,93.294,94.044,,9.128,486,0,ok,True,
MPO_05_W05_20260113_132746_TOPCON_SOLOS_420001417.xml,MPO_05,MPO,,94.066,13.303,93.354,94.066,,8.797,486,0,ok,True,
MPO_05_W06_20260113_132809_TOPCON_SOLOS_420001417.xml,MPO_05,MPO,,93.97,13.318,93.305,93.97,,8.813,486,0,ok,True,
MPO_05_W07_20260113_132830_TOPCON_SOLOS_420001417.xml,MPO_05,MPO,,94.024,13.303,93.227,94.024,,8.79,486,0,ok,True,
MPO_05_W08_20260113_132851_TOPCON_SOLOS_420001417.xml,MPO_05,MPO,,93.967,13.652,93.217,93.967,,9.194,486,0,ok,True,
MPO_05_W09_20260113_132918_TOPCON_SOLOS_420001417.xml,MPO_05,MPO,,94.088,13.621,93.556,94.088,,9.176,486,0,ok,True,
MPO_05_W10_20260113_132942_TOPCON_SOLOS_420001417.xml,MPO_05,MPO,,94.105,13.212,93.383,94.105,,8.697,486,0,ok,True,
MPO_06_W01_20260113_133219_TOPCON_SOLOS_420001417.xml,MPO_06,MPO,,94.02,13.606,93.627,94.02,,9.165,486,0,ok,True,
MPO_06_W02_20260113_133248_TOPCON_SOLOS_420001417.xml,MPO_06,MPO,,94.034,13.303,93.428,94.034,,8.786,486,0,ok,True,
MPO_06_W03_20260113_133323_TOPCON_SOLOS_420001417.xml,MPO_06,MPO,,94.087,13.576,93.555,94.087,,9.139,486,0,ok,True,
MPO_06_W04_20260113_133345_TOPCON_SOLOS_420001417.xml,MPO_06,MPO,,93.966,13.364,93.346,93.966,,8.849,486,0,ok,True,
MPO_06_W05_20260113_133409_TOPCON_SOLOS_420001417.xml,MPO_06,MPO,,94.116,13.652,93.611,94.116,,9.196,486,0,ok,True,
MPO_06_W06_20260113_133433_TOPCON_SOLOS_420001417.xml,MPO_06,MPO,,93.975,13.348,93.301,93.975,,8.819,486,0,ok,True,
MPO_06_W07_20260113_133500_TOPCON_SOLOS_420001417.xml,MPO_06,MPO,,94.054,13.045,93.367,94.054,,8.507,486,0,ok,True,
MPO_06_W08_20260113_133525_TOPCON_SOLOS_420001417.xml,MPO_06,MPO,,93.963,13.636,93.453,93.963,,9.186,486,0,ok,True,
MPO_06_W09_20260113_133546_TOPCON_SOLOS_420001417.xml,MPO_06,MPO,,93.995,13.652,93.461,93.995,,9.196,486,0,ok,True,
MPO_06_W10_20260113_133611_TOPCON_SOLOS_420001417.xml,MPO_06,MPO,,94.161,13.727,93.713,94.161,,9.257,486,0,ok,True,
MPO_07_W01_20260113_133928_TOPCON_SOLOS_420001417.xml,MPO_07,MPO,,93.951,13.636,93.111,93.951,,9.189,486,0,ok,True,
MPO_07_W02_20260113_133954_TOPCON_SOLOS_420001417.xml,MPO_07,MPO,,94.019,13.485,93.506,94.019,,8.947,486,0,ok,True,
MPO_07_W03_20260113_134015_TOPCON_SOLOS_420001417.xml,MPO_07,MPO,,93.967,13.53,93.411,93.967,,8.983,486,0,ok,True,
MPO_07_W04_20260113_134037_TOPCON_SOLOS_420001417.xml,MPO_07,MPO,,94.085,13.47,93.489,94.085,,8.919,486,0,ok,True,
MPO_07_W05_20260113_134059_TOPCON_SOLOS_420001417.xml,MPO_07,MPO,,94.019,13.485,93.417,94.019,,8.935,486,0,ok,True,
MPO_07_W06_20260113_134121_TOPCON_SOLOS_420001417.xml,MPO_07,MPO,,94.109,13.424,93.569,94.109,,8.869,486,0,ok,True,
MPO_07_W07_20260113_134141_TOPCON_SOLOS_420001417.xml,MPO_07,MPO,,93.956,13.53,93.458,93.956,,8.978,486,0,ok,True,
MPO_07_W08_20260113_134209_TOPCON_SOLOS_420001417.xml,MPO_07,MPO,,94.069,13.758,93.489,94.069,,9.278,486,0,ok,True,
MPO_07_W09_20260113_134229_TOPCON_SOLOS_420001417.xml,MPO_07,MPO,,94.191,13.545,93.567,94.191,,8.995,486,0,ok,True,
MPO_07_W10_20260113_134251_TOPCON_SOLOS_420001417.xml,MPO_07,MPO,,94.029,13.5,93.394,94.029,,8.939,486,0,ok,True,
MPO_08_W01_20260113_134449_TOPCON_SOLOS_420001417.xml,MPO_08,MPO,,93.964,13.409,93.461,93.964,,8.881,486,0,ok,True,
MPO_08_W02_20260113_134514_TOPCON_SOLOS_420001417.xml,MPO_08,MPO,,94.108,13.364,93.537,94.108,,8.824,486,0,ok,True,
MPO_08_W03_20260113_134538_TOPCON_SOLOS_420001417.xml,MPO_08,MPO,,94.117,13.712,93.622,94.117,,9.246,486,0,ok,True,
MPO_08_W04_20260113_134600_TOPCON_SOLOS_420001417.xml,MPO_08,MPO,,94.033,13.333,93.475,94.033,,8.784,486,0,ok,True,
MPO_08_W05_20260113_134642_TOPCON_SOLOS_420001417.xml,MPO_08,MPO,,94.056,13.455,93.418,94.056,,8.918,486,0,ok,True,
MPO_08_W06_20260113_134706_TOPCON_SOLOS_420001417.xml,MPO_08,MPO,,94.063,13.727,93.39,94.063,,9.257,486,0,ok,True,
MPO_08_W07_20260113_134727_TOPCON_SOLOS_420001417.xml,MPO_08,MPO,,94.121,13.712,93.75,94.121,,9.246,486,0,ok,True,
MPO_08_W08_20260113_134750_TOPCON_SOLOS_420001417.xml,MPO_08,MPO,,94.138,13.712,93.483,94.138,,9.248,486,0,ok,True,
MPO_08_W09_20260113_134811_TOPCON_SOLOS_420001417.xml,MPO_08,MPO,,94.155,13.182,93.406,94.155,,8.623,486,0,ok,True,
MPO_08_W10_20260113_134835_TOPCON_SOLOS_420001417.xml,MPO_08,MPO,,94.154,13.697,93.478,94.154,,9.237,486,0,ok,True,
MPO_09_W01_20260113_135043_TOPCON_SOLOS_420001417.xml,MPO_09,MPO,,93.733,13.212,92.96,93.733,,8.754,486,0,ok,True,
MPO_09_W02_20260113_135107_TOPCON_SOLOS_420001417.xml,MPO_09,MPO,,94.107,13.273,93.594,94.107,,8.776,486,0,ok,True,
MPO_09_W03_20260113_135129_TOPCON_SOLOS_420001417.xml,MPO_09,MPO,,94.02,13.515,93.522,94.02,,9.1,486,0,ok,True,
MPO_09_W04_20260113_135153_TOPCON_SOLOS_420001417.xml,MPO_09,MPO,,94.09,13.106,93.373,94.09,,8.604,486,0,ok,True,
MPO_09_W05_20260113_135223_TOPCON_SOLOS_420001417.xml,MPO_09,MPO,,94.049,13.258,93.5,94.049,,8.777,486,0,ok,True,
MPO_09_W06_20260113_135245_TOPCON_SOLOS_420001417.xml,MPO_09,MPO,,94.033,13.258,93.476,94.033,,8.759,486,0,ok,True,
MPO_09_W07_20260113_135306_TOPCON_SOLOS_420001417.xml,MPO_09,MPO,,94.113,13.5,93.679,94.113,,9.088,486,0,ok,True,
MPO_09_W08_20260113_135332_TOPCON_SOLOS_420001417.xml,MPO_09,MPO,,94.078,13.303,93.491,94.078,,8.804,486,0,ok,True,
MPO_09_W09_20260113_135353_TOPCON_SOLOS_420001417.xml,MPO_09,MPO,,94.215,13.591,93.562,94.215,,9.162,486,0,ok,True,
MPO_09_W10_20260113_135419_TOPCON_SOLOS_420001417.xml,MPO_09,MPO,,94.081,13.182,93.3,94.081,,8.706,486,0,ok,True,
MPO_10_W01_20260113_135621_TOPCON_SOLOS_420001417.xml,MPO_10,MPO,,94.053,13.576,93.687,94.053,,9.007,486,0,ok,True,
MPO_10_W02_20260113_135644_TOPCON_SOLOS_420001417.xml,MPO_10,MPO,,94.076,13.788,93.41,94.076,,9.29,486,0,ok,True,
MPO_10_W03_20260113_135705_TOPCON_SOLOS_420001417.xml,MPO_10,MPO,,94.05,13.712,93.639,94.05,,9.242,486,0,ok,True,
MPO_10_W04_20260113_135726_TOPCON_SOLOS_420001417.xml,MPO_10,MPO,,94.132,13.742,93.693,94.132,,9.267,486,0,ok,True,
MPO_10_W05_20260113_135747_TOPCON_SOLOS_420001417.xml,MPO_10,MPO,,94.075,13.636,93.529,94.075,,9.042,486,0,ok,True,
MPO_10_W06_20260113_135812_TOPCON_SOLOS_420001417.xml,MPO_10,MPO,,94.156,13.833,93.496,94.156,,9.32,486,0,ok,True,
MPO_10_W07_20260113_135836_TOPCON_SOLOS_420001417.xml,MPO_10,MPO,,93.997,13.515,93.594,93.997,,8.956,486,0,ok,True,
MPO_10_W08_20260113_135856_TOPCON_SOLOS_420001417.xml,MPO_10,MPO,,94.087,13.53,93.325,94.087,,8.972,486,0,ok,True,
MPO_10_W09_20260113_135917_TOPCON_SOLOS_420001417.xml,MPO_10,MPO,,94.091,13.742,93.558,94.091,,9.249,486,0,ok,True,
MPO_10_W10_20260113_140003_TOPCON_SOLOS_420001417.xml,MPO_10,MPO,,94.016,13.515,93.445,94.016,,8.968,486,0,ok,True,
MPO_11_W01_20260113_143358_TOPCON_SOLOS_420001417.xml,MPO_11,MPO,,94.012,13.848,93.415,94.012,,9.333,486,0,ok,True,
MPO_11_W02_20260113_143432_TOPCON_SOLOS_420001417.xml,MPO_11,MPO,,94.044,13.515,93.39,94.044,,8.949,486,0,ok,True,
MPO_11_W03_20260113_143459_TOPCON_SOLOS_420001417.xml,MPO_11,MPO,,93.971,13.545,93.38,93.971,,8.969,486,0,ok,True,
MPO_11_W04_20260113_143520_TOPCON_SOLOS_420001417.xml,MPO_11,MPO,,94.207,13.758,93.464,94.207,,9.278,486,0,ok,True,
MPO_11_W05_20260113_143548_TOPCON_SOLOS_420001417.xml,MPO_11,MPO,,94.105,13.545,93.527,94.105,,8.962,486,0,ok,True,
MPO_11_W06_20260113_143610_TOPCON_SOLOS_420001417.xml,MPO_11,MPO,,94.114,13.742,93.397,94.114,,9.267,486,0,ok,True,
MPO_11_W07_20260113_143631_TOPCON_SOLOS_420001417.xml,MPO_11,MPO,,94.117,13.576,93.461,94.117,,8.985,486,0,ok,True,
MPO_11_W08_20260113_143652_TOPCON_SOLOS_420001417.xml,MPO_11,MPO,,94.12,13.5,93.458,94.12,,8.946,486,0,ok,True,
MPO_11_W09_20260113_143716_TOPCON_SOLOS_420001417.xml,MPO_11,MPO,,93.962,13.379,93.063,93.962,,8.812,486,0,ok,True,
MPO_11_W10_20260113_143740_TOPCON_SOLOS_420001417.xml,MPO_11,MPO,,94.112,13.742,93.451,94.112,,9.258,486,0,ok,True,
MPO_12_W01_20260113_143844_TOPCON_SOLOS_420001417.xml,MPO_12,MPO,,93.841,13.561,93.109,93.841,,8.994,486,0,ok,True,
MPO_12_W02_20260113_143908_TOPCON_SOLOS_420001417.xml,MPO_12,MPO,,93.962,13.515,93.253,93.962,,8.929,486,0,ok,True,
MPO_12_W03_20260113_143930_TOPCON_SOLOS_420001417.xml,MPO_12,MPO,,94.041,13.833,93.541,94.041,,9.316,486,0,ok,True,
MPO_12_W04_20260113_143951_TOPCON_SOLOS_420001417.xml,MPO_12,MPO,,93.935,13.303,93.137,93.935,,8.702,486,0,ok,True,
MPO_12_W05_20260113_144013_TOPCON_SOLOS_420001417.xml,MPO_12,MPO,,94.086,13.591,93.491,94.086,,9.0,486,0,ok,True,
MPO_12_W06_20260113_144034_TOPCON_SOLOS_420001417.xml,MPO_12,MPO,,94.002,13.561,93.451,94.002,,8.965,486,0,ok,True,
MPO_12_W07_20260113_144054_TOPCON_SOLOS_420001417.xml,MPO_12,MPO,,93.967,13.621,93.372,93.967,,9.019,486,0,ok,True,
MPO_12_W08_20260113_144115_TOPCON_SOLOS_420001417.xml,MPO_12,MPO,,94.038,13.848,93.352,94.038,,9.331,486,0,ok,True,
MPO_12_W09_20260113_144138_TOPCON_SOLOS_420001417.xml,MPO_12,MPO,,93.943,13.53,93.267,93.943,,8.946,486,0,ok,True,
MPO_12_W10_20260113_144200_TOPCON_SOLOS_420001417.xml,MPO_12,MPO,,93.975,13.667,93.444,93.975,,9.065,486,0,ok,True,
MPO_13_W01_20260113_144512_TOPCON_SOLOS_420001417.xml,MPO_13,MPO,,72.801,10.894,74.582,72.801,,7.245,486,1,ok,True,
MPO_13_W02_20260113_144543_TOPCON_SOLOS_420001417.xml,MPO_13,MPO,,73.142,10.848,75.208,73.142,,7.182,486,1,ok,True,
MPO_13_W03_20260113_144603_TOPCON_SOLOS_420001417.xml,MPO_13,MPO,,73.107,10.758,74.999,73.107,,7.095,486,1,ok,True,
MPO_13_W04_20260113_144628_TOPCON_SOLOS_420001417.xml,MPO_13,MPO,,73.188,10.712,75.118,73.188,,7.033,486,1,ok,True,
MPO_13_W05_20260113_144700_TOPCON_SOLOS_420001417.xml,MPO_13,MPO,,73.1,10.652,75.113,73.1,,6.963,486,1,ok,True,
MPO_13_W06_20260113_144757_TOPCON_SOLOS_420001417.xml,MPO_13,MPO,,73.124,10.621,74.955,73.124,,6.94,486,1,ok,True,
MPO_13_W07_20260113_144856_TOPCON_SOLOS_420001417.xml,MPO_13,MPO,,72.998,10.621,74.967,72.998,,6.942,486,1,ok,True,
MPO_13_W08_20260113_144925_TOPCON_SOLOS_420001417.xml,MPO_13,MPO,,73.03,10.621,75.018,73.03,,6.942,486,1,ok,True,
MPO_13_W09_20260113_144949_TOPCON_SOLOS_420001417.xml,MPO_13,MPO,,73.231,10.939,75.199,73.231,,7.269,486,1,ok,True,
MPO_13_W10_20260113_145012_TOPCON_SOLOS_420001417.xml,MPO_13,MPO,,73.2,10.727,75.025,73.2,,7.054,486,1,ok,True,
MPO_14_W01_20260113_145218_TOPCON_SOLOS_420001417.xml,MPO_14,MPO,,75.574,10.864,77.198,75.574,,7.091,486,1,ok,True,
MPO_14_W02_20260113_145241_TOPCON_SOLOS_420001417.xml,MPO_14,MPO,,75.592,10.939,77.222,75.592,,7.15,486,1,ok,True,
MPO_14_W03_20260113_145302_TOPCON_SOLOS_420001417.xml,MPO_14,MPO,,75.605,10.955,77.183,75.605,,7.162,486,1,ok,True,
MPO_14_W04_20260113_145324_TOPCON_SOLOS_420001417.xml,MPO_14,MPO,,75.543,10.833,77.098,75.543,,7.07,486,1,ok,True,
MPO_14_W05_20260113_145344_TOPCON_SOLOS_420001417.xml,MPO_14,MPO,,75.617,10.97,77.219,75.617,,7.201,486,1,ok,True,
MPO_14_W06_20260113_145404_TOPCON_SOLOS_420001417.xml,MPO_14,MPO,,75.623,11.03,77.186,75.623,,7.254,486,1,ok,True,
MPO_14_W07_20260113_145425_TOPCON_SOLOS_420001417.xml,MPO_14,MPO,,75.595,11.0,77.298,75.595,,7.243,486,1,ok,True,
MPO_14_W08_20260113_145501_TOPCON_SOLOS_420001417.xml,MPO_14,MPO,,75.659,11.121,77.275,75.659,,7.358,486,1,ok,True,
MPO_14_W09_20260113_145521_TOPCON_SOLOS_420001417.xml,MPO_14,MPO,,75.593,10.955,77.233,75.593,,7.184,486,1,ok,True,
MPO_14_W10_20260113_145544_TOPCON_SOLOS_420001417.xml,MPO_14,MPO,,75.74,11.121,77.462,75.74,,7.346,486,1,ok,True,
MPO_15_W01_20260113_145754_TOPCON_SOLOS_420001417.xml,MPO_15,MPO,,93.739,13.606,93.048,93.739,,9.171,486,0,ok,True,
MPO_15_W02_20260113_145828_TOPCON_SOLOS_420001417.xml,MPO_15,MPO,,93.708,13.636,92.942,93.708,,9.186,486,0,ok,True,
MPO_15_W03_20260113_145854_TOPCON_SOLOS_420001417.xml,MPO_15,MPO,,93.828,13.53,93.018,93.828,,9.108,486,0,ok,True,
MPO_15_W04_20260113_145918_TOPCON_SOLOS_420001417.xml,MPO_15,MPO,,93.788,13.379,93.109,93.788,,8.866,486,0,ok,True,
MPO_15_W05_20260113_145941_TOPCON_SOLOS_420001417.xml,MPO_15,MPO,,93.863,13.303,93.137,93.863,,8.808,486,0,ok,True,
MPO_15_W06_20260113_150001_TOPCON_SOLOS_420001417.xml,MPO_15,MPO,,93.936,13.576,93.31,93.936,,9.141,486,0,ok,True,
MPO_15_W07_20260113_150025_TOPCON_SOLOS_420001417.xml,MPO_15,MPO,,94.041,13.621,93.209,94.041,,9.177,486,0,ok,True,
MPO_15_W08_20260113_150048_TOPCON_SOLOS_420001417.xml,MPO_15,MPO,,93.989,13.621,93.269,93.989,,9.177,486,0,ok,True,
MPO_15_W09_20260113_150109_TOPCON_SOLOS_420001417.xml,MPO_15,MPO,,93.923,13.591,93.204,93.923,,9.157,486,0,ok,True,
MPO_15_W10_20260113_150130_TOPCON_SOLOS_420001417.xml,MPO_15,MPO,,93.952,13.636,93.167,93.952,,9.192,486,0,ok,True,
MPO_16_W01_20260113_150350_TOPCON_SOLOS_420001417.xml,MPO_16,MPO,,93.561,13.318,92.84,93.561,,8.807,486,0,ok,True,
MPO_16_W02_20260113_150415_TOPCON_SOLOS_420001417.xml,MPO_16,MPO,,94.013,13.697,93.198,94.013,,9.234,486,0,ok,True,
MPO_16_W03_20260113_150451_TOPCON_SOLOS_420001417.xml,MPO_16,MPO,,93.931,13.182,93.223,93.931,,8.658,486,0,ok,True,
MPO_16_W04_20260113_150514_TOPCON_SOLOS_420001417.xml,MPO_16,MPO,,94.016,13.667,93.391,94.016,,9.216,486,0,ok,True,
MPO_16_W05_20260113_150539_TOPCON_SOLOS_420001417.xml,MPO_16,MPO,,93.988,13.394,93.127,93.988,,8.871,486,0,ok,True,
MPO_16_W06_20260113_150604_TOPCON_SOLOS_420001417.xml,MPO_16,MPO,,93.808,13.591,92.968,93.808,,9.157,486,0,ok,True,
MPO_16_W07_20260113_150645_TOPCON_SOLOS_420001417.xml,MPO_16,MPO,,93.926,13.364,93.296,93.926,,8.836,486,0,ok,True,
MPO_16_W08_20260113_150710_TOPCON_SOLOS_420001417.xml,MPO_16,MPO,,93.848,13.379,93.246,93.848,,8.856,486,0,ok,True,
MPO_16_W09_20260113_150735_TOPCON_SOLOS_420001417.xml,MPO_16,MPO,,93.956,13.652,93.361,93.956,,9.205,486,0,ok,True,
MPO_16_W10_20260113_150810_TOPCON_SOLOS_420001417.xml,MPO_16,MPO,,93.844,13.333,93.139,93.844,,8.805,486,0,ok,True,
MPO_17_W01_20260113_151135_TOPCON_SOLOS_420001417.xml,MPO_17,MPO,,74.39,10.773,75.537,74.39,,7.035,486,1,ok,True,
MPO_17_W02_20260113_151210_TOPCON_SOLOS_420001417.xml,MPO_17,MPO,,74.998,11.045,76.349,74.998,,7.312,486,1,ok,True,
MPO_17_W03_20260113_151237_TOPCON_SOLOS_420001417.xml,MPO_17,MPO,,74.979,10.924,76.336,74.979,,7.181,486,1,ok,True,
MPO_17_W04_20260113_151258_TOPCON_SOLOS_420001417.xml,MPO_17,MPO,,74.916,11.106,76.489,74.916,,7.371,486,1,ok,True,
MPO_17_W05_20260113_151323_TOPCON_SOLOS_420001417.xml,MPO_17,MPO,,74.734,10.864,76.292,74.734,,7.11,486,1,ok,True,
MPO_17_W06_20260113_151344_TOPCON_SOLOS_420001417.xml,MPO_17,MPO,,75.071,11.136,76.482,75.071,,7.404,486,1,ok,True,
MPO_17_W07_20260113_151406_TOPCON_SOLOS_420001417.xml,MPO_17,MPO,,74.758,10.864,76.336,74.758,,7.108,486,1,ok,True,
MPO_17_W08_20260113_151426_TOPCON_SOLOS_420001417.xml,MPO_17,MPO,,74.809,10.939,76.274,74.809,,7.195,486,1,ok,True,
MPO_17_W09_20260113_151448_TOPCON_SOLOS_420001417.xml,MPO_17,MPO,,75.024,11.091,76.542,75.024,,7.354,486,1,ok,True,
MPO_17_W10_20260113_151520_TOPCON_SOLOS_420001417.xml,MPO_17,MPO,,75.079,11.03,76.476,75.079,,7.287,486,1,ok,True,
MPO_18_W01_20260113_151711_TOPCON_SOLOS_420001417.xml,MPO_18,MPO,,74.433,10.97,75.652,74.433,,7.248,486,1,ok,True,
MPO_18_W02_20260113_151739_TOPCON_SOLOS_420001417.xml,MPO_18,MPO,,74.68,10.97,76.175,74.68,,7.225,486,1,ok,True,
MPO_18_W03_20260113_151805_TOPCON_SOLOS_420001417.xml,MPO_18,MPO,,74.862,10.848,76.384,74.862,,7.092,486,1,ok,True,
MPO_18_W04_20260113_151829_TOPCON_SOLOS_420001417.xml,MPO_18,MPO,,74.988,10.848,76.393,74.988,,7.092,486,1,ok,True,
MPO_18_W05_20260113_151854_TOPCON_SOLOS_420001417.xml,MPO_18,MPO,,74.96,11.091,76.451,74.96,,7.359,486,1,ok,True,
MPO_18_W06_20260113_151916_TOPCON_SOLOS_420001417.xml,MPO_18,MPO,,74.804,11.061,76.243,74.804,,7.32,486,1,ok,True,
MPO_18_W07_20260113_151936_TOPCON_SOLOS_420001417.xml,MPO_18,MPO,,74.886,11.061,76.395,74.886,,7.32,486,1,ok,True,
MPO_18_W08_20260113_151957_TOPCON_SOLOS_420001417.xml,MPO_18,MPO,,74.867,11.045,76.302,74.867,,7.309,486,1,ok,True,
MPO_18_W09_20260113_152018_TOPCON_SOLOS_420001417.xml,MPO_18,MPO,,74.759,10.864,76.217,74.759,,7.108,486,1,ok,True,
MPO_18_W10_20260113_152042_TOPCON_SOLOS_420001417.xml,MPO_18,MPO,,74.877,11.106,76.356,74.877,,7.37,486,1,ok,True,
MPO_19_W01_20260113_152233_TOPCON_SOLOS_420001417.xml,MPO_19,MPO,,75.853,11.197,77.003,75.853,,7.394,486,1,ok,True,
MPO_19_W02_20260113_152254_TOPCON_SOLOS_420001417.xml,MPO_19,MPO,,76.283,11.348,77.481,76.283,,7.529,486,1,ok,True,
MPO_19_W03_20260113_152326_TOPCON_SOLOS_420001417.xml,MPO_19,MPO,,76.364,11.333,77.551,76.364,,7.518,486,1,ok,True,
MPO_19_W04_20260113_152347_TOPCON_SOLOS_420001417.xml,MPO_19,MPO,,76.404,11.424,77.756,76.404,,7.607,486,1,ok,True,
MPO_19_W05_20260113_152409_TOPCON_SOLOS_420001417.xml,MPO_19,MPO,,76.366,11.348,77.703,76.366,,7.529,486,1,ok,True,
MPO_19_W06_20260113_152434_TOPCON_SOLOS_420001417.xml,MPO_19,MPO,,76.119,11.136,77.446,76.119,,7.292,486,1,ok,True,
MPO_19_W07_20260113_152459_TOPCON_SOLOS_420001417.xml,MPO_19,MPO,,76.289,11.409,77.56,76.289,,7.59,486,1,ok,True,
MPO_19_W08_20260113_152521_TOPCON_SOLOS_420001417.xml,MPO_19,MPO,,76.337,11.424,77.736,76.337,,7.607,486,1,ok,True,
MPO_19_W09_20260113_152544_TOPCON_SOLOS_420001417.xml,MPO_19,MPO,,76.194,11.258,77.376,76.194,,7.446,486,1,ok,True,
MPO_19_W10_20260113_152615_TOPCON_SOLOS_420001417.xml,MPO_19,MPO,,76.156,11.258,77.408,76.156,,7.429,486,1,ok,True,
MPO_20_W01_20260113_152813_TOPCON_SOLOS_420001417.xml,MPO_20,MPO,,76.202,11.288,77.591,76.202,,7.489,486,1,ok,True,
MPO_20_W02_20260113_152840_TOPCON_SOLOS_420001417.xml,MPO_20,MPO,,76.335,11.212,77.637,76.335,,7.402,486,1,ok,True,
MPO_20_W03_20260113_152902_TOPCON_SOLOS_420001417.xml,MPO_20,MPO,,76.265,11.061,77.784,76.265,,7.255,486,1,ok,True,
MPO_20_W04_20260113_152926_TOPCON_SOLOS_420001417.xml,MPO_20,MPO,,76.308,11.152,77.622,76.308,,7.351,486,1,ok,True,
MPO_20_W05_20260113_152949_TOPCON_SOLOS_420001417.xml,MPO_20,MPO,,76.457,11.515,77.748,76.457,,7.803,486,1,ok,True,
MPO_20_W06_20260113_153011_TOPCON_SOLOS_420001417.xml,MPO_20,MPO,,76.376,11.091,77.616,76.376,,7.283,486,1,ok,True,
MPO_20_W07_20260113_153031_TOPCON_SOLOS_420001417.xml,MPO_20,MPO,,76.217,11.121,77.574,76.217,,7.31,486,1,ok,True,
MPO_20_W08_20260113_153055_TOPCON_SOLOS_420001417.xml,MPO_20,MPO,,76.424,11.303,77.797,76.424,,7.502,486,1,ok,True,
MPO_20_W09_20260113_153117_TOPCON_SOLOS_420001417.xml,MPO_20,MPO,,76.496,11.106,77.923,76.496,,7.306,486,1,ok,True,
MPO_20_W10_20260113_153141_TOPCON_SOLOS_420001417.xml,MPO_20,MPO,,76.442,11.303,77.709,76.442,,7.5,486,1,ok,True,
NDUVW01B_01_20251217_112926_TOPCON_SOLOS_420001417.xml,NDUVW01B_01,ThorLabs,NDUVW01B,85.462,83.03,84.227,85.462,,82.963,486,0,ok,True,
NDUVW01B_01_20251217_132932_TOPCON_SOLOS_420001417.xml,NDUVW01B_01,ThorLabs,NDUVW01B,85.735,83.273,84.415,85.735,,83.172,486,0,ok,True,
NDUVW01B_01_20251217_154721_TOPCON_SOLOS_420001417.xml,NDUVW01B_01,ThorLabs,NDUVW01B,85.283,83.318,84.284,85.283,,83.218,486,0,ok,True,
NDUVW01B_01_20251217_164226_TOPCON_SOLOS_420001417.xml,NDUVW01B_01,ThorLabs,NDUVW01B,85.714,83.394,84.492,85.714,,83.3,486,0,ok,True,
NDUVW01B_01_20251217_175848_TOPCON_SOLOS_420001417.xml,NDUVW01B_01,ThorLabs,NDUVW01B,85.538,83.379,84.361,85.538,,83.292,486,0,ok,True,
NDUVW01B_01_20251218_110609_TOPCON_SOLOS_420001417.xml,NDUVW01B_01,ThorLabs,NDUVW01B,86.054,83.5,84.634,86.054,,83.395,486,0,ok,True,
NDUVW01B_01_20260113_123635_TOPCON_SOLOS_420001417.xml,NDUVW01B_01,ThorLabs,NDUVW01B,86.041,82.985,84.572,86.041,,82.832,486,0,ok,True,
NDUVW01B_01_20260113_141913_TOPCON_SOLOS_420001417.xml,NDUVW01B_01,ThorLabs,NDUVW01B,85.928,83.121,84.197,85.928,,83.071,486,0,ok,True,
NDUVW01B_01_20260113_153443_TOPCON_SOLOS_420001417.xml,NDUVW01B_01,ThorLabs,NDUVW01B,86.116,83.091,84.49,86.116,,83.029,486,0,ok,True,
NDUVW01B_02_20251217_112959_TOPCON_SOLOS_420001417.xml,NDUVW01B_02,ThorLabs,NDUVW01B,85.831,83.303,84.261,85.831,,83.21,486,0,ok,True,
NDUVW01B_02_20251217_133001_TOPCON_SOLOS_420001417.xml,NDUVW01B_02,ThorLabs,NDUVW01B,85.815,83.364,84.411,85.815,,83.258,486,0,ok,True,
NDUVW01B_02_20251217_154801_TOPCON_SOLOS_420001417.xml,NDUVW01B_02,ThorLabs,NDUVW01B,84.994,82.727,83.792,84.994,,82.592,486,0,ok,True,
NDUVW01B_02_20251217_164253_TOPCON_SOLOS_420001417.xml,NDUVW01B_02,ThorLabs,NDUVW01B,85.339,83.288,84.207,85.339,,83.195,486,0,ok,True,
NDUVW01B_02_20251217_175939_TOPCON_SOLOS_420001417.xml,NDUVW01B_02,ThorLabs,NDUVW01B,85.329,82.773,84.149,85.329,,82.63,486,0,ok,True,
NDUVW01B_02_20251218_110639_TOPCON_SOLOS_420001417.xml,NDUVW01B_02,ThorLabs,NDUVW01B,86.051,83.348,84.637,86.051,,83.279,486,0,ok,True,
NDUVW01B_02_20260113_123707_TOPCON_SOLOS_420001417.xml,NDUVW01B_02,ThorLabs,NDUVW01B,86.141,83.182,84.589,86.141,,83.144,486,0,ok,True,
NDUVW01B_02_20260113_142036_TOPCON_SOLOS_420001417.xml,NDUVW01B_02,ThorLabs,NDUVW01B,86.108,83.424,84.614,86.108,,83.329,486,0,ok,True,
NDUVW01B_02_20260113_153508_TOPCON_SOLOS_420001417.xml,NDUVW01B_02,ThorLabs,NDUVW01B,85.835,82.909,84.27,85.835,,82.857,486,0,ok,True,
NDUVW01B_03_20251217_113039_TOPCON_SOLOS_420001417.xml,NDUVW01B_03,ThorLabs,NDUVW01B,85.539,83.409,84.139,85.539,,83.31,486,0,ok,True,
NDUVW01B_03_20251217_133041_TOPCON_SOLOS_420001417.xml,NDUVW01B_03,ThorLabs,NDUVW01B,85.604,83.288,84.415,85.604,,83.224,486,0,ok,True,
NDUVW01B_03_20251217_154829_TOPCON_SOLOS_420001417.xml,NDUVW01B_03,ThorLabs,NDUVW01B,85.414,83.364,84.327,85.414,,83.262,486,0,ok,True,
NDUVW01B_03_20251217_164435_TOPCON_SOLOS_420001417.xml,NDUVW01B_03,ThorLabs,NDUVW01B,85.607,83.5,84.553,85.607,,83.409,486,0,ok,True,
NDUVW01B_03_20251217_180006_TOPCON_SOLOS_420001417.xml,NDUVW01B_03,ThorLabs,NDUVW01B,85.477,82.742,84.275,85.477,,82.602,486,0,ok,True,
NDUVW01B_03_20251218_110707_TOPCON_SOLOS_420001417.xml,NDUVW01B_03,ThorLabs,NDUVW01B,85.905,83.091,84.303,85.905,,83.021,486,0,ok,True,
NDUVW01B_03_20260113_123736_TOPCON_SOLOS_420001417.xml,NDUVW01B_03,ThorLabs,NDUVW01B,86.154,83.303,84.589,86.154,,83.19,486,0,ok,True,
NDUVW01B_03_20260113_142134_TOPCON_SOLOS_420001417.xml,NDUVW01B_03,ThorLabs,NDUVW01B,86.192,83.439,84.715,86.192,,83.328,486,0,ok,True,
NDUVW01B_03_20260113_153532_TOPCON_SOLOS_420001417.xml,NDUVW01B_03,ThorLabs,NDUVW01B,86.068,83.121,84.57,86.068,,83.071,486,0,ok,True,
NDUVW01B_04_20251217_113109_TOPCON_SOLOS_420001417.xml,NDUVW01B_04,ThorLabs,NDUVW01B,85.226,83.152,83.896,85.226,,83.047,486,0,ok,True,
NDUVW01B_04_20251217_133118_TOPCON_SOLOS_420001417.xml,NDUVW01B_04,ThorLabs,NDUVW01B,85.487,83.273,84.047,85.487,,83.215,486,0,ok,True,
NDUVW01B_04_20251217_154859_TOPCON_SOLOS_420001417.xml,NDUVW01B_04,ThorLabs,NDUVW01B,85.466,83.348,84.332,85.466,,83.265,486,0,ok,True,
NDUVW01B_04_20251217_164516_TOPCON_SOLOS_420001417.xml,NDUVW01B_04,ThorLabs,NDUVW01B,86.714,85.258,86.065,86.714,,85.18,486,0,ok,True,
NDUVW01B_04_20251217_180036_TOPCON_SOLOS_420001417.xml,NDUVW01B_04,ThorLabs,NDUVW01B,85.459,82.864,84.26,85.459,,82.697,486,0,ok,True,
NDUVW01B_04_20251218_110738_TOPCON_SOLOS_420001417.xml,NDUVW01B_04,ThorLabs,NDUVW01B,85.942,83.015,84.427,85.942,,82.95,486,0,ok,True,
NDUVW01B_04_20260113_123803_TOPCON_SOLOS_420001417.xml,NDUVW01B_04,ThorLabs,NDUVW01B,86.147,83.379,84.744,86.147,,83.29,486,0,ok,True,
NDUVW01B_04_20260113_142225_TOPCON_SOLOS_420001417.xml,NDUVW01B_04,ThorLabs,NDUVW01B,86.118,83.364,84.664,86.118,,83.274,486,0,ok,True,
NDUVW01B_04_20260113_153553_TOPCON_SOLOS_420001417.xml,NDUVW01B_04,ThorLabs,NDUVW01B,86.091,83.212,84.644,86.091,,83.169,486,0,ok,True,
NDUVW01B_05_20251217_113140_TOPCON_SOLOS_420001417.xml,NDUVW01B_05,ThorLabs,NDUVW01B,85.58,83.227,84.279,85.58,,83.145,486,0,ok,True,
NDUVW01B_05_20251217_133146_TOPCON_SOLOS_420001417.xml,NDUVW01B_05,ThorLabs,NDUVW01B,85.281,83.53,84.18,85.281,,83.409,486,0,ok,True,
NDUVW01B_05_20251217_155026_TOPCON_SOLOS_420001417.xml,NDUVW01B_05,ThorLabs,NDUVW01B,85.448,83.076,84.319,85.448,,83.022,486,0,ok,True,
NDUVW01B_05_20251217_164654_TOPCON_SOLOS_420001417.xml,NDUVW01B_05,ThorLabs,NDUVW01B,85.363,83.136,84.113,85.363,,83.081,486,0,ok,True,
NDUVW01B_05_20251217_180059_TOPCON_SOLOS_420001417.xml,NDUVW01B_05,ThorLabs,NDUVW01B,85.382,83.015,84.227,85.382,,82.951,486,0,ok,True,
NDUVW01B_05_20251218_110806_TOPCON_SOLOS_420001417.xml,NDUVW01B_05,ThorLabs,NDUVW01B,85.973,83.182,84.273,85.973,,83.069,486,0,ok,True,
NDUVW01B_05_20260113_123920_TOPCON_SOLOS_420001417.xml,NDUVW01B_05,ThorLabs,NDUVW01B,85.967,83.258,84.326,85.967,,83.177,486,0,ok,True,
NDUVW01B_05_20260113_142250_TOPCON_SOLOS_420001417.xml,NDUVW01B_05,ThorLabs,NDUVW01B,86.014,83.227,84.414,86.014,,83.172,486,0,ok,True,
NDUVW01B_05_20260113_153622_TOPCON_SOLOS_420001417.xml,NDUVW01B_05,ThorLabs,NDUVW01B,86.112,83.364,84.515,86.112,,83.274,486,0,ok,True,
NDUVW05B_01_20251217_114914_TOPCON_SOLOS_420001417.xml,NDUVW05B_01,ThorLabs,,33.68,37.727,36.592,33.68,,37.584,486,2,ok,True,
NDUVW05B_01_20251217_133426_TOPCON_SOLOS_420001417.xml,NDUVW05B_01,ThorLabs,,33.813,37.894,36.689,33.813,,37.713,486,2,ok,True,
NDUVW05B_01_20251217_155216_TOPCON_SOLOS_420001417.xml,NDUVW05B_01,ThorLabs,,33.948,37.682,36.806,33.948,,37.548,486,2,ok,True,
NDUVW05B_01_20251217_164848_TOPCON_SOLOS_420001417.xml,NDUVW05B_01,ThorLabs,,34.059,37.712,36.896,34.059,,37.567,486,2,ok,True,
NDUVW05B_01_20251217_180411_TOPCON_SOLOS_420001417.xml,NDUVW05B_01,ThorLabs,,33.187,37.136,36.105,33.187,,36.944,486,2,ok,True,
NDUVW05B_01_20251218_111133_TOPCON_SOLOS_420001417.xml,NDUVW05B_01,ThorLabs,,33.787,37.515,36.556,33.787,,37.397,486,2,ok,True,
NDUVW05B_01_20260113_124530_TOPCON_SOLOS_420001417.xml,NDUVW05B_01,ThorLabs,,32.865,36.53,35.333,32.865,,36.417,486,2,ok,True,
NDUVW05B_01_20260113_142522_TOPCON_SOLOS_420001417.xml,NDUVW05B_01,ThorLabs,,34.257,37.742,36.801,34.257,,37.602,486,2,ok,True,
NDUVW05B_01_20260113_153829_TOPCON_SOLOS_420001417.xml,NDUVW05B_01,ThorLabs,,34.125,37.682,36.698,34.125,,37.548,486,2,ok,True,
NDUVW05B_02_20251217_114943_TOPCON_SOLOS_420001417.xml,NDUVW05B_02,ThorLabs,,33.621,37.242,36.478,33.621,,37.036,486,2,ok,True,
NDUVW05B_02_20251217_133454_TOPCON_SOLOS_420001417.xml,NDUVW05B_02,ThorLabs,,33.578,37.621,36.37,33.578,,37.5,486,2,ok,True,
NDUVW05B_02_20251217_155244_TOPCON_SOLOS_420001417.xml,NDUVW05B_02,ThorLabs,,33.552,37.636,36.42,33.552,,37.509,486,2,ok,True,
NDUVW05B_02_20251217_164920_TOPCON_SOLOS_420001417.xml,NDUVW05B_02,ThorLabs,,34.049,37.682,36.875,34.049,,37.548,486,2,ok,True,
NDUVW05B_02_20251217_180437_TOPCON_SOLOS_420001417.xml,NDUVW05B_02,ThorLabs,,33.576,37.182,36.288,33.576,,36.985,486,2,ok,True,
NDUVW05B_02_20251218_111157_TOPCON_SOLOS_420001417.xml,NDUVW05B_02,ThorLabs,,33.983,37.621,36.584,33.983,,37.502,486,2,ok,True,
NDUVW05B_02_20260113_124555_TOPCON_SOLOS_420001417.xml,NDUVW05B_02,ThorLabs,,33.734,37.439,36.422,33.734,,37.341,486,2,ok,True,
NDUVW05B_02_20260113_142547_TOPCON_SOLOS_420001417.xml,NDUVW05B_02,ThorLabs,,34.091,37.652,36.636,34.091,,37.523,486,2,ok,True,
NDUVW05B_02_20260113_153851_TOPCON_SOLOS_420001417.xml,NDUVW05B_02,ThorLabs,,34.171,38.076,36.941,34.171,,37.893,486,2,ok,True,
NDUVW05B_03_20251217_115043_TOPCON_SOLOS_420001417.xml,NDUVW05B_03,ThorLabs,,33.184,36.924,35.976,33.184,,36.742,486,2,ok,True,
NDUVW05B_03_20251217_133521_TOPCON_SOLOS_420001417.xml,NDUVW05B_03,ThorLabs,,33.663,37.697,36.542,33.663,,37.558,486,2,ok,True,
NDUVW05B_03_20251217_155311_TOPCON_SOLOS_420001417.xml,NDUVW05B_03,ThorLabs,,33.687,37.667,36.579,33.687,,37.531,486,2,ok,True,
NDUVW05B_03_20251217_165020_TOPCON_SOLOS_420001417.xml,NDUVW05B_03,ThorLabs,,34.049,37.606,36.725,34.049,,37.48,486,2,ok,True,
NDUVW05B_03_20251217_180505_TOPCON_SOLOS_420001417.xml,NDUVW05B_03,ThorLabs,,33.704,37.667,36.712,33.704,,37.531,486,2,ok,True,
NDUVW05B_03_20251218_111225_TOPCON_SOLOS_420001417.xml,NDUVW05B_03,ThorLabs,,33.729,37.242,36.403,33.729,,37.035,486,2,ok,True,
NDUVW05B_03_20260113_124622_TOPCON_SOLOS_420001417.xml,NDUVW05B_03,ThorLabs,,34.083,37.667,36.59,34.083,,37.531,486,2,ok,True,
NDUVW05B_03_20260113_142608_TOPCON_SOLOS_420001417.xml,NDUVW05B_03,ThorLabs,,34.235,37.697,36.823,34.235,,37.558,486,2,ok,True,
NDUVW05B_03_20260113_153911_TOPCON_SOLOS_420001417.xml,NDUVW05B_03,ThorLabs,,34.256,37.697,36.922,34.256,,37.558,486,2,ok,True,
NDUVW05B_04_20251217_115115_TOPCON_SOLOS_420001417.xml,NDUVW05B_04,ThorLabs,,33.427,37.061,36.056,33.427,,36.878,486,2,ok,True,
NDUVW05B_04_20251217_133548_TOPCON_SOLOS_420001417.xml,NDUVW05B_04,ThorLabs,,34.04,37.682,36.778,34.04,,37.556,486,2,ok,True,
NDUVW05B_04_20251217_155351_TOPCON_SOLOS_420001417.xml,NDUVW05B_04,ThorLabs,,33.44,37.212,36.254,33.44,,37.021,486,2,ok,True,
NDUVW05B_04_20251217_165052_TOPCON_SOLOS_420001417.xml,NDUVW05B_04,ThorLabs,,33.645,37.682,36.565,33.645,,37.548,486,2,ok,True,
NDUVW05B_04_20251217_180528_TOPCON_SOLOS_420001417.xml,NDUVW05B_04,ThorLabs,,33.548,37.227,36.4,33.548,,37.021,486,2,ok,True,
NDUVW05B_04_20251218_111253_TOPCON_SOLOS_420001417.xml,NDUVW05B_04,ThorLabs,,34.177,38.091,36.932,34.177,,37.907,486,2,ok,True,
NDUVW05B_04_20260113_124647_TOPCON_SOLOS_420001417.xml,NDUVW05B_04,ThorLabs,,33.859,37.682,36.614,33.859,,37.548,486,2,ok,True,
NDUVW05B_04_20260113_142629_TOPCON_SOLOS_420001417.xml,NDUVW05B_04,ThorLabs,,34.154,37.712,36.722,34.154,,37.567,486,2,ok,True,
NDUVW05B_04_20260113_153938_TOPCON_SOLOS_420001417.xml,NDUVW05B_04,ThorLabs,,34.232,37.712,36.934,34.232,,37.575,486,2,ok,True,
NDUVW05B_05_20251217_115512_TOPCON_SOLOS_420001417.xml,NDUVW05B_05,ThorLabs,,32.773,36.727,35.635,32.773,,36.584,486,2,ok,True,
NDUVW05B_05_20251217_133616_TOPCON_SOLOS_420001417.xml,NDUVW05B_05,ThorLabs,,34.044,37.697,36.847,34.044,,37.565,486,2,ok,True,
NDUVW05B_05_20251217_155415_TOPCON_SOLOS_420001417.xml,NDUVW05B_05,ThorLabs,,33.587,37.136,36.415,33.587,,36.944,486,2,ok,True,
NDUVW05B_05_20251217_165215_TOPCON_SOLOS_420001417.xml,NDUVW05B_05,ThorLabs,,33.898,37.667,36.708,33.898,,37.539,486,2,ok,True,
NDUVW05B_05_20251217_180554_TOPCON_SOLOS_420001417.xml,NDUVW05B_05,ThorLabs,,33.404,37.121,36.174,33.404,,36.942,486,2,ok,True,
NDUVW05B_05_20251218_111356_TOPCON_SOLOS_420001417.xml,NDUVW05B_05,ThorLabs,,33.695,37.576,36.614,33.695,,37.456,486,2,ok,True,
NDUVW05B_05_20260113_124804_TOPCON_SOLOS_420001417.xml,NDUVW05B_05,ThorLabs,,34.115,37.712,36.817,34.115,,37.575,486,2,ok,True,
NDUVW05B_05_20260113_142715_TOPCON_SOLOS_420001417.xml,NDUVW05B_05,ThorLabs,,34.212,37.697,36.855,34.212,,37.565,486,2,ok,True,
NDUVW05B_05_20260113_154059_TOPCON_SOLOS_420001417.xml,NDUVW05B_05,ThorLabs,,34.066,37.697,36.661,34.066,,37.558,486,2,ok,True,
NDUVW10B_01_20251217_120643_TOPCON_SOLOS_420001417.xml,NDUVW10B_01,ThorLabs,NDUVW10B,10.228,13.0,11.901,10.228,,13.0,486,3,ok,True,
NDUVW10B_01_20251217_133801_TOPCON_SOLOS_420001417.xml,NDUVW10B_01,ThorLabs,NDUVW10B,12.358,15.606,14.165,12.358,,15.5,486,3,ok,True,
NDUVW10B_01_20251217_155604_TOPCON_SOLOS_420001417.xml,NDUVW10B_01,ThorLabs,NDUVW10B,10.232,13.0,12.019,10.232,,13.0,486,3,ok,True,
NDUVW10B_01_20251217_165351_TOPCON_SOLOS_420001417.xml,NDUVW10B_01,ThorLabs,NDUVW10B,10.125,13.0,11.959,10.125,,13.0,486,3,ok,True,
NDUVW10B_01_20251217_180752_TOPCON_SOLOS_420001417.xml,NDUVW10B_01,ThorLabs,NDUVW10B,9.648,12.636,11.265,9.648,,12.533,486,3,ok,True,
NDUVW10B_01_20251218_111440_TOPCON_SOLOS_420001417.xml,NDUVW10B_01,ThorLabs,NDUVW10B,10.257,13.0,11.891,10.257,,13.0,486,3,ok,True,
NDUVW10B_01_20260113_124856_TOPCON_SOLOS_420001417.xml,NDUVW10B_01,ThorLabs,NDUVW10B,10.246,13.0,11.873,10.246,,13.0,486,3,ok,True,
NDUVW10B_01_20260113_142900_TOPCON_SOLOS_420001417.xml,NDUVW10B_01,ThorLabs,NDUVW10B,9.897,12.712,11.414,9.897,,12.621,486,3,ok,True,
NDUVW10B_01_20260113_154139_TOPCON_SOLOS_420001417.xml,NDUVW10B_01,ThorLabs,NDUVW10B,10.272,13.015,11.904,10.272,,13.016,486,3,ok,True,
NDUVW10B_02_20251217_120726_TOPCON_SOLOS_420001417.xml,NDUVW10B_02,ThorLabs,NDUVW10B,10.218,13.0,11.888,10.218,,13.0,486,3,ok,True,
NDUVW10B_02_20251217_133824_TOPCON_SOLOS_420001417.xml,NDUVW10B_02,ThorLabs,NDUVW10B,10.248,13.03,11.913,10.248,,13.013,486,3,ok,True,
NDUVW10B_02_20251217_155635_TOPCON_SOLOS_420001417.xml,NDUVW10B_02,ThorLabs,NDUVW10B,10.161,13.0,11.895,10.161,,13.0,486,3,ok,True,
NDUVW10B_02_20251217_165428_TOPCON_SOLOS_420001417.xml,NDUVW10B_02,ThorLabs,NDUVW10B,10.033,12.697,11.822,10.033,,12.603,486,3,ok,True,
NDUVW10B_02_20251217_180916_TOPCON_SOLOS_420001417.xml,NDUVW10B_02,ThorLabs,NDUVW10B,10.254,13.0,11.976,10.254,,13.0,486,3,ok,True,
NDUVW10B_02_20251218_111553_TOPCON_SOLOS_420001417.xml,NDUVW10B_02,ThorLabs,NDUVW10B,10.256,13.0,11.807,10.256,,13.0,486,3,ok,True,
NDUVW10B_02_20260113_124925_TOPCON_SOLOS_420001417.xml,NDUVW10B_02,ThorLabs,NDUVW10B,10.358,13.591,12.005,10.358,,13.483,486,3,ok,True,
NDUVW10B_02_20260113_142952_TOPCON_SOLOS_420001417.xml,NDUVW10B_02,ThorLabs,NDUVW10B,10.282,13.379,12.026,10.282,,13.285,486,3,ok,True,
NDUVW10B_02_20260113_154203_TOPCON_SOLOS_420001417.xml,NDUVW10B_02,ThorLabs,NDUVW10B,10.471,13.288,12.048,10.471,,13.233,486,3,ok,True,
NDUVW10B_03_20251217_120801_TOPCON_SOLOS_420001417.xml,NDUVW10B_03,ThorLabs,NDUVW10B,10.14,12.803,11.863,10.14,,12.721,486,3,ok,True,
NDUVW10B_03_20251217_133848_TOPCON_SOLOS_420001417.xml,NDUVW10B_03,ThorLabs,NDUVW10B,10.128,13.0,11.826,10.128,,13.0,486,3,ok,True,
NDUVW10B_03_20251217_155646_TOPCON_SOLOS_420001417.xml,NDUVW10B_03,ThorLabs,NDUVW10B,10.161,13.0,11.895,10.161,,13.0,486,3,ok,True,
NDUVW10B_03_20251217_165523_TOPCON_SOLOS_420001417.xml,NDUVW10B_03,ThorLabs,NDUVW10B,10.062,12.727,11.77,10.062,,12.638,486,3,ok,True,
NDUVW10B_03_20251217_180940_TOPCON_SOLOS_420001417.xml,NDUVW10B_03,ThorLabs,NDUVW10B,10.157,13.0,11.851,10.157,,13.0,486,3,ok,True,
NDUVW10B_03_20251218_111614_TOPCON_SOLOS_420001417.xml,NDUVW10B_03,ThorLabs,NDUVW10B,10.337,13.045,11.968,10.337,,13.023,486,3,ok,True,
NDUVW10B_03_20260113_124948_TOPCON_SOLOS_420001417.xml,NDUVW10B_03,ThorLabs,NDUVW10B,10.377,13.0,11.924,10.377,,13.0,486,3,ok,True,
NDUVW10B_03_20260113_143024_TOPCON_SOLOS_420001417.xml,NDUVW10B_03,ThorLabs,NDUVW10B,10.179,12.818,11.769,10.179,,12.737,486,3,ok,True,
NDUVW10B_03_20260113_154226_TOPCON_SOLOS_420001417.xml,NDUVW10B_03,ThorLabs,NDUVW10B,10.296,13.0,11.851,10.296,,13.0,486,3,ok,True,
NDUVW10B_04_20251217_120851_TOPCON_SOLOS_420001417.xml,NDUVW10B_04,ThorLabs,NDUVW10B,9.724,12.712,11.174,9.724,,12.621,486,3,ok,True,
NDUVW10B_04_20251217_133912_TOPCON_SOLOS_420001417.xml,NDUVW10B_04,ThorLabs,NDUVW10B,10.17,13.03,11.843,10.17,,13.033,486,3,ok,True,
NDUVW10B_04_20251217_155712_TOPCON_SOLOS_420001417.xml,NDUVW10B_04,ThorLabs,NDUVW10B,9.663,12.712,11.482,9.663,,12.621,486,3,ok,True,
NDUVW10B_04_20251217_165618_TOPCON_SOLOS_420001417.xml,NDUVW10B_04,ThorLabs,NDUVW10B,9.665,12.682,11.155,9.665,,12.586,486,3,ok,True,
NDUVW10B_04_20251217_181010_TOPCON_SOLOS_420001417.xml,NDUVW10B_04,ThorLabs,NDUVW10B,10.229,13.0,11.895,10.229,,13.0,486,3,ok,True,
NDUVW10B_04_20251218_111636_TOPCON_SOLOS_420001417.xml,NDUVW10B_04,ThorLabs,NDUVW10B,10.177,12.727,11.791,10.177,,12.638,486,3,ok,True,
NDUVW10B_04_20260113_125043_TOPCON_SOLOS_420001417.xml,NDUVW10B_04,ThorLabs,NDUVW10B,10.3,13.0,11.979,10.3,,13.0,486,3,ok,True,
NDUVW10B_04_20260113_143048_TOPCON_SOLOS_420001417.xml,NDUVW10B_04,ThorLabs,NDUVW10B,9.939,12.788,11.733,9.939,,12.704,486,3,ok,True,
NDUVW10B_04_20260113_154341_TOPCON_SOLOS_420001417.xml,NDUVW10B_04,ThorLabs,NDUVW10B,10.436,13.136,12.107,10.436,,13.106,486,3,ok,True,
NDUVW10B_05_20251217_120914_TOPCON_SOLOS_420001417.xml,NDUVW10B_05,ThorLabs,NDUVW10B,10.065,12.727,11.723,10.065,,12.638,486,3,ok,True,
NDUVW10B_05_20251217_133944_TOPCON_SOLOS_420001417.xml,NDUVW10B_05,ThorLabs,NDUVW10B,10.326,13.0,11.95,10.326,,13.0,486,3,ok,True,
NDUVW10B_05_20251217_155816_TOPCON_SOLOS_420001417.xml,NDUVW10B_05,ThorLabs,NDUVW10B,9.986,13.0,11.784,9.986,,13.0,486,3,ok,True,
NDUVW10B_05_20251217_165720_TOPCON_SOLOS_420001417.xml,NDUVW10B_05,ThorLabs,NDUVW10B,10.123,13.0,11.979,10.123,,13.0,486,3,ok,True,
NDUVW10B_05_20251217_181034_TOPCON_SOLOS_420001417.xml,NDUVW10B_05,ThorLabs,NDUVW10B,10.324,13.015,12.068,10.324,,13.004,486,3,ok,True,
NDUVW10B_05_20251218_111810_TOPCON_SOLOS_420001417.xml,NDUVW10B_05,ThorLabs,NDUVW10B,10.547,13.652,12.153,10.547,,13.551,486,3,ok,True,
NDUVW10B_05_20260113_125111_TOPCON_SOLOS_420001417.xml,NDUVW10B_05,ThorLabs,NDUVW10B,10.374,13.106,11.974,10.374,,13.094,486,3,ok,True,
NDUVW10B_05_20260113_143132_TOPCON_SOLOS_420001417.xml,NDUVW10B_05,ThorLabs,NDUVW10B,10.166,12.788,11.782,10.166,,12.704,486,3,ok,True,
NDUVW10B_05_20260113_154403_TOPCON_SOLOS_420001417.xml,NDUVW10B_05,ThorLabs,NDUVW10B,10.221,13.0,11.812,10.221,,13.0,486,3,ok,True,
NDUVW_01B_01_20251218_114641_TOPCON_SOLOS_420001417.xml,NDUVW_01B,ThorLabs,NDUVW01B,86.013,83.197,84.517,86.013,,83.123,486,0,ok,True,
NDUVW_01B_02_20251218_114727_TOPCON_SOLOS_420001417.xml,NDUVW_01B,ThorLabs,NDUVW01B,86.151,83.379,84.556,86.151,,83.285,486,0,ok,True,
NDUVW_01B_03_20251218_114756_TOPCON_SOLOS_420001417.xml,NDUVW_01B,ThorLabs,NDUVW01B,85.887,82.848,84.21,85.887,,82.704,486,0,ok,True,
NDUVW_01B_04_20251218_114822_TOPCON_SOLOS_420001417.xml,NDUVW_01B,ThorLabs,NDUVW01B,85.963,82.758,84.238,85.963,,82.604,486,0,ok,True,
NDUVW_01B_05_20251218_114913_TOPCON_SOLOS_420001417.xml,NDUVW_01B,ThorLabs,NDUVW01B,85.932,82.955,84.212,85.932,,82.886,486,0,ok,True,
NDUVW_01B_06_20251218_114948_TOPCON_SOLOS_420001417.xml,NDUVW_01B,ThorLabs,NDUVW01B,85.997,82.894,84.492,85.997,,82.707,486,0,ok,True,
NDUVW_01B_07_20251218_115018_TOPCON_SOLOS_420001417.xml,NDUVW_01B,ThorLabs,NDUVW01B,85.901,82.758,84.191,85.901,,82.604,486,0,ok,True,
NDUVW_01B_08_20251218_115045_TOPCON_SOLOS_420001417.xml,NDUVW_01B,ThorLabs,NDUVW01B,85.923,82.652,84.164,85.923,,82.516,486,0,ok,True,
NDUVW_01B_09_20251218_115120_TOPCON_SOLOS_420001417.xml,NDUVW_01B,ThorLabs,NDUVW01B,85.639,82.667,84.105,85.639,,82.531,486,0,ok,True,
NDUVW_01B_10_20251218_115159_TOPCON_SOLOS_420001417.xml,NDUVW_01B,ThorLabs,NDUVW01B,85.696,82.667,84.059,85.696,,82.539,486,0,ok,True,
NDUVW_05B_01_20251218_115415_TOPCON_SOLOS_420001417.xml,NDUVW_05B,ThorLabs,,33.809,37.258,36.535,33.809,,37.058,486,2,ok,True,
NDUVW_05B_02_20251218_115440_TOPCON_SOLOS_420001417.xml,NDUVW_05B,ThorLabs,,33.224,36.712,35.867,33.224,,36.575,486,2,ok,True,
NDUVW_05B_03_20251218_115508_TOPCON_SOLOS_420001417.xml,NDUVW_05B,ThorLabs,,33.121,36.727,35.583,33.121,,36.584,486,2,ok,True,
NDUVW_05B_04_20251218_115534_TOPCON_SOLOS_420001417.xml,NDUVW_05B,ThorLabs,,33.748,37.197,36.502,33.748,,37.005,486,2,ok,True,
NDUVW_05B_05_20251218_115613_TOPCON_SOLOS_420001417.xml,NDUVW_05B,ThorLabs,,33.727,37.197,36.414,33.727,,36.989,486,2,ok,True,
NDUVW_10B_01_20251218_115855_TOPCON_SOLOS_420001417.xml,NDUVW_10B,ThorLabs,NDUVW10B,10.263,13.0,11.872,10.263,,13.0,486,3,ok,True,
NDUVW_10B_02_20251218_115941_TOPCON_SOLOS_420001417.xml,NDUVW_10B,ThorLabs,NDUVW10B,9.663,12.682,11.395,9.663,,12.586,486,3,ok,True,
NDUVW_10B_03_20251218_120009_TOPCON_SOLOS_420001417.xml,NDUVW_10B,ThorLabs,NDUVW10B,10.205,13.0,11.902,10.205,,13.0,486,3,ok,True,
NDUVW_10B_04_20251218_120040_TOPCON_SOLOS_420001417.xml,NDUVW_10B,ThorLabs,NDUVW10B,9.883,12.742,11.703,9.883,,12.655,486,3,ok,True,
NDUVW_10B_05_20251218_120115_TOPCON_SOLOS_420001417.xml,NDUVW_10B,ThorLabs,NDUVW10B,10.172,13.0,11.849,10.172,,13.0,486,3,ok,True,
ZEISS_01_W01_20251217_135839_TOPCON_SOLOS_420001417.xml,ZEISS_01,ZEISS,,94.743,13.364,93.342,94.743,,9.006,486,0,ok,True,
ZEISS_01_W02_20251217_135906_TOPCON_SOLOS_420001417.xml,ZEISS_01,ZEISS,,94.759,13.424,93.685,94.759,,9.035,486,0,ok,True,
ZEISS_01_W03_20251217_135935_TOPCON_SOLOS_420001417.xml,ZEISS_01,ZEISS,,94.865,13.424,93.703,94.865,,9.035,486,0,ok,True,
ZEISS_01_W04_20251217_140003_TOPCON_SOLOS_420001417.xml,ZEISS_01,ZEISS,,94.926,13.136,93.687,94.926,,8.69,486,0,ok,True,
ZEISS_01_W05_20251217_140029_TOPCON_SOLOS_420001417.xml,ZEISS_01,ZEISS,,94.456,13.348,93.289,94.456,,8.991,486,0,ok,True,
ZEISS_01_W06_20251217_140052_TOPCON_SOLOS_420001417.xml,ZEISS_01,ZEISS,,95.049,13.152,93.639,95.049,,8.706,486,0,ok,True,
ZEISS_01_W07_20251217_140117_TOPCON_SOLOS_420001417.xml,ZEISS_01,ZEISS,,94.62,13.379,93.369,94.62,,9.012,486,0,ok,True,
ZEISS_01_W08_20251217_140141_TOPCON_SOLOS_420001417.xml,ZEISS_01,ZEISS,,95.017,13.364,93.494,95.017,,9.002,486,0,ok,True,
ZEISS_01_W09_20251217_140211_TOPCON_SOLOS_420001417.xml,ZEISS_01,ZEISS,,94.209,13.167,93.355,94.209,,8.728,486,0,ok,True,
ZEISS_01_W10_20251217_140241_TOPCON_SOLOS_420001417.xml,ZEISS_01,ZEISS,,93.916,13.136,92.837,93.916,,8.701,486,0,ok,True,
ZEISS_02_W01_20251217_140459_TOPCON_SOLOS_420001417.xml,ZEISS_02,ZEISS,,94.723,13.03,93.429,94.723,,8.572,486,0,ok,True,
ZEISS_02_W02_20251217_140531_TOPCON_SOLOS_420001417.xml,ZEISS_02,ZEISS,,94.618,13.409,93.325,94.618,,9.025,486,0,ok,True,
ZEISS_02_W03_20251217_140618_TOPCON_SOLOS_420001417.xml,ZEISS_02,ZEISS,,94.727,13.0,93.309,94.727,,8.553,486,0,ok,True,
ZEISS_02_W04_20251217_140646_TOPCON_SOLOS_420001417.xml,ZEISS_02,ZEISS,,94.758,13.364,93.334,94.758,,9.002,486,0,ok,True,
ZEISS_02_W05_20251217_140721_TOPCON_SOLOS_420001417.xml,ZEISS_02,ZEISS,,94.006,13.121,93.136,94.006,,8.679,486,0,ok,True,
ZEISS_02_W06_20251217_140744_TOPCON_SOLOS_420001417.xml,ZEISS_02,ZEISS,,94.788,13.364,93.352,94.788,,9.002,486,0,ok,True,
ZEISS_02_W07_20251217_140812_TOPCON_SOLOS_420001417.xml,ZEISS_02,ZEISS,,94.811,13.394,93.316,94.811,,9.021,486,0,ok,True,
ZEISS_02_W08_20251217_140844_TOPCON_SOLOS_420001417.xml,ZEISS_02,ZEISS,,93.92,13.379,92.9,93.92,,9.012,486,0,ok,True,
ZEISS_02_W09_20251217_140922_TOPCON_SOLOS_420001417.xml,ZEISS_02,ZEISS,,94.061,13.364,93.222,94.061,,9.002,486,0,ok,True,
ZEISS_02_W10_20251217_141001_TOPCON_SOLOS_420001417.xml,ZEISS_02,ZEISS,,94.62,13.348,93.378,94.62,,8.991,486,0,ok,True,
ZEISS_03_W01_20251217_141303_TOPCON_SOLOS_420001417.xml,ZEISS_03,ZEISS,,93.844,13.576,92.879,93.844,,9.151,486,0,ok,True,
ZEISS_03_W02_20251217_141331_TOPCON_SOLOS_420001417.xml,ZEISS_03,ZEISS,,94.939,13.652,93.763,94.939,,9.205,486,0,ok,True,
ZEISS_03_W03_20251217_141400_TOPCON_SOLOS_420001417.xml,ZEISS_03,ZEISS,,94.14,13.288,93.109,94.14,,8.792,486,0,ok,True,
ZEISS_03_W04_20251217_141432_TOPCON_SOLOS_420001417.xml,ZEISS_03,ZEISS,,94.586,13.576,93.344,94.586,,9.146,486,0,ok,True,
ZEISS_03_W05_20251217_141514_TOPCON_SOLOS_420001417.xml,ZEISS_03,ZEISS,,94.549,13.576,93.226,94.549,,9.146,486,0,ok,True,
ZEISS_03_W06_20251217_141545_TOPCON_SOLOS_420001417.xml,ZEISS_03,ZEISS,,94.032,13.561,92.869,94.032,,9.135,486,0,ok,True,
ZEISS_03_W07_20251217_141611_TOPCON_SOLOS_420001417.xml,ZEISS_03,ZEISS,,94.015,13.212,93.098,94.015,,8.714,486,0,ok,True,
ZEISS_03_W08_20251217_141642_TOPCON_SOLOS_420001417.xml,ZEISS_03,ZEISS,,94.8,13.53,93.611,94.8,,9.109,486,0,ok,True,
ZEISS_03_W09_20251217_141712_TOPCON_SOLOS_420001417.xml,ZEISS_03,ZEISS,,94.165,13.561,93.24,94.165,,9.136,486,0,ok,True,
ZEISS_03_W10_20251217_141749_TOPCON_SOLOS_420001417.xml,ZEISS_03,ZEISS,,94.764,13.591,93.666,94.764,,9.162,486,0,ok,True,
ZEISS_04_W01_20251217_142053_TOPCON_SOLOS_420001417.xml,ZEISS_04,ZEISS,,94.798,13.682,93.212,94.798,,9.222,486,0,ok,True,
ZEISS_04_W02_20251217_142124_TOPCON_SOLOS_420001417.xml,ZEISS_04,ZEISS,,94.503,13.455,93.321,94.503,,8.91,486,0,ok,True,
ZEISS_04_W03_20251217_142152_TOPCON_SOLOS_420001417.xml,ZEISS_04,ZEISS,,94.344,13.697,93.335,94.344,,9.233,486,0,ok,True,
ZEISS_04_W04_20251217_142222_TOPCON_SOLOS_420001417.xml,ZEISS_04,ZEISS,,93.899,13.485,93.078,93.899,,8.935,486,0,ok,True,
ZEISS_04_W05_20251217_142314_TOPCON_SOLOS_420001417.xml,ZEISS_04,ZEISS,,94.78,13.742,93.388,94.78,,9.267,486,0,ok,True,
ZEISS_04_W06_20251217_142342_TOPCON_SOLOS_420001417.xml,ZEISS_04,ZEISS,,94.769,13.455,93.385,94.769,,8.914,486,0,ok,True,
ZEISS_04_W07_20251217_142412_TOPCON_SOLOS_420001417.xml,ZEISS_04,ZEISS,,94.689,13.727,93.399,94.689,,9.257,486,0,ok,True,
ZEISS_04_W08_20251217_142442_TOPCON_SOLOS_420001417.xml,ZEISS_04,ZEISS,,94.107,13.439,93.206,94.107,,8.909,486,0,ok,True,
ZEISS_04_W09_20251217_142516_TOPCON_SOLOS_420001417.xml,ZEISS_04,ZEISS,,94.054,13.47,93.127,94.054,,8.919,486,0,ok,True,
ZEISS_04_W10_20251217_142545_TOPCON_SOLOS_420001417.xml,ZEISS_04,ZEISS,,94.12,13.485,93.29,94.12,,8.94,486,0,ok,True,
ZEISS_05_W01_20251217_142747_TOPCON_SOLOS_420001417.xml,ZEISS_05,ZEISS,,93.966,13.515,93.336,93.966,,8.956,486,0,ok,True,
ZEISS_05_W02_20251217_142817_TOPCON_SOLOS_420001417.xml,ZEISS_05,ZEISS,,94.844,13.727,93.888,94.844,,9.257,486,0,ok,True,
ZEISS_05_W03_20251217_142912_TOPCON_SOLOS_420001417.xml,ZEISS_05,ZEISS,,93.967,13.727,93.286,93.967,,9.257,486,0,ok,True,
ZEISS_05_W04_20251217_143005_TOPCON_SOLOS_420001417.xml,ZEISS_05,ZEISS,,94.248,13.47,93.306,94.248,,8.919,486,0,ok,True,
ZEISS_05_W05_20251217_143034_TOPCON_SOLOS_420001417.xml,ZEISS_05,ZEISS,,94.328,13.439,93.343,94.328,,8.902,486,0,ok,True,
ZEISS_05_W06_20251217_143101_TOPCON_SOLOS_420001417.xml,ZEISS_05,ZEISS,,94.797,13.485,93.725,94.797,,8.938,486,0,ok,True,
ZEISS_05_W07_20251217_143132_TOPCON_SOLOS_420001417.xml,ZEISS_05,ZEISS,,94.645,13.288,93.386,94.645,,8.733,486,0,ok,True,
ZEISS_05_W08_20251217_143203_TOPCON_SOLOS_420001417.xml,ZEISS_05,ZEISS,,94.365,13.53,93.238,94.365,,8.978,486,0,ok,True,
ZEISS_05_W09_20251217_143229_TOPCON_SOLOS_420001417.xml,ZEISS_05,ZEISS,,94.075,13.697,93.215,94.075,,9.231,486,0,ok,True,
ZEISS_05_W10_20251217_143300_TOPCON_SOLOS_420001417.xml,ZEISS_05,ZEISS,,94.075,13.53,93.326,94.075,,8.978,486,0,ok,True,
ZEISS_06_W01_20251217_170338_TOPCON_SOLOS_420001417.xml,ZEISS_06,ZEISS,,93.879,13.197,92.69,93.879,,8.742,486,0,ok,True,
ZEISS_06_W02_20251217_170408_TOPCON_SOLOS_420001417.xml,ZEISS_06,ZEISS,,94.731,13.061,93.415,94.731,,8.585,486,0,ok,True,
ZEISS_06_W03_20251217_170435_TOPCON_SOLOS_420001417.xml,ZEISS_06,ZEISS,,94.024,13.152,93.213,94.024,,8.687,486,0,ok,True,
ZEISS_06_W04_20251217_170505_TOPCON_SOLOS_420001417.xml,ZEISS_06,ZEISS,,94.619,13.424,93.344,94.619,,9.035,486,0,ok,True,
ZEISS_06_W05_20251217_170532_TOPCON_SOLOS_420001417.xml,ZEISS_06,ZEISS,,94.637,13.197,93.384,94.637,,8.735,486,0,ok,True,
ZEISS_06_W06_20251217_170600_TOPCON_SOLOS_420001417.xml,ZEISS_06,ZEISS,,94.713,13.121,93.383,94.713,,8.679,486,0,ok,True,
ZEISS_06_W07_20251217_170632_TOPCON_SOLOS_420001417.xml,ZEISS_06,ZEISS,,94.63,13.273,93.376,94.63,,8.797,486,0,ok,True,
ZEISS_06_W08_20251217_170733_TOPCON_SOLOS_420001417.xml,ZEISS_06,ZEISS,,93.833,13.379,92.921,93.833,,9.004,486,0,ok,True,
ZEISS_06_W09_20251217_170801_TOPCON_SOLOS_420001417.xml,ZEISS_06,ZEISS,,94.062,13.242,93.364,94.062,,8.771,486,0,ok,True,
ZEISS_06_W10_20251217_170833_TOPCON_SOLOS_420001417.xml,ZEISS_06,ZEISS,,94.812,13.167,93.272,94.812,,8.716,486,0,ok,True,
ZEISS_07_W01_20251217_171130_TOPCON_SOLOS_420001417.xml,ZEISS_07,ZEISS,,94.75,13.303,93.444,94.75,,8.808,486,0,ok,True,
ZEISS_07_W02_20251217_171207_TOPCON_SOLOS_420001417.xml,ZEISS_07,ZEISS,,93.997,13.485,93.01,93.997,,9.084,486,0,ok,True,
ZEISS_07_W03_20251217_171240_TOPCON_SOLOS_420001417.xml,ZEISS_07,ZEISS,,93.926,13.227,92.835,93.926,,8.745,486,0,ok,True,
ZEISS_07_W04_20251217_171310_TOPCON_SOLOS_420001417.xml,ZEISS_07,ZEISS,,94.759,13.121,93.347,94.759,,8.673,486,0,ok,True,
ZEISS_07_W05_20251217_171334_TOPCON_SOLOS_420001417.xml,ZEISS_07,ZEISS,,94.796,13.273,93.378,94.796,,8.789,486,0,ok,True,
ZEISS_07_W06_20251217_171400_TOPCON_SOLOS_420001417.xml,ZEISS_07,ZEISS,,94.608,13.106,93.239,94.608,,8.656,486,0,ok,True,
ZEISS_07_W07_20251217_171440_TOPCON_SOLOS_420001417.xml,ZEISS_07,ZEISS,,94.55,13.258,93.215,94.55,,8.777,486,0,ok,True,
ZEISS_07_W08_20251217_171524_TOPCON_SOLOS_420001417.xml,ZEISS_07,ZEISS,,95.084,13.424,93.788,95.084,,9.035,486,0,ok,True,
ZEISS_07_W09_20251217_171556_TOPCON_SOLOS_420001417.xml,ZEISS_07,ZEISS,,94.957,13.485,93.637,94.957,,9.097,486,0,ok,True,
ZEISS_07_W10_20251217_171629_TOPCON_SOLOS_420001417.xml,ZEISS_07,ZEISS,,94.743,13.455,93.313,94.743,,9.057,486,0,ok,True,
ZEISS_08_W01_20251217_172034_TOPCON_SOLOS_420001417.xml,ZEISS_08,ZEISS,,93.719,12.894,92.408,93.719,,8.486,486,0,ok,True,
ZEISS_08_W02_20251217_172103_TOPCON_SOLOS_420001417.xml,ZEISS_08,ZEISS,,94.078,13.045,93.22,94.078,,8.612,486,0,ok,True,
ZEISS_08_W03_20251217_172127_TOPCON_SOLOS_420001417.xml,ZEISS_08,ZEISS,,94.578,13.182,93.437,94.578,,8.744,486,0,ok,True,
ZEISS_08_W04_20251217_172150_TOPCON_SOLOS_420001417.xml,ZEISS_08,ZEISS,,94.075,13.0,93.069,94.075,,8.576,486,0,ok,True,
ZEISS_08_W05_20251217_172215_TOPCON_SOLOS_420001417.xml,ZEISS_08,ZEISS,,93.983,13.379,93.177,93.983,,8.996,486,0,ok,True,
ZEISS_08_W06_20251217_172243_TOPCON_SOLOS_420001417.xml,ZEISS_08,ZEISS,,94.319,13.152,93.412,94.319,,8.713,486,0,ok,True,
ZEISS_08_W07_20251217_172306_TOPCON_SOLOS_420001417.xml,ZEISS_08,ZEISS,,94.57,13.348,93.274,94.57,,8.991,486,0,ok,True,
ZEISS_08_W08_20251217_172330_TOPCON_SOLOS_420001417.xml,ZEISS_08,ZEISS,,94.099,13.364,93.321,94.099,,9.002,486,0,ok,True,
ZEISS_08_W09_20251217_172856_TOPCON_SOLOS_420001417.xml,ZEISS_08,ZEISS,,94.609,12.303,93.035,94.609,,7.942,486,0,ok,True,
ZEISS_08_W10_20251217_172930_TOPCON_SOLOS_420001417.xml,ZEISS_08,ZEISS,,94.136,13.212,93.225,94.136,,8.885,486,0,ok,True,
ZEISS_09_W01_20251217_173034_TOPCON_SOLOS_420001417.xml,ZEISS_09,ZEISS,,93.952,13.424,93.098,93.952,,9.035,486,0,ok,True,
ZEISS_09_W02_20251217_173108_TOPCON_SOLOS_420001417.xml,ZEISS_09,ZEISS,,94.07,13.439,93.401,94.07,,9.044,486,0,ok,True,
ZEISS_09_W03_20251217_173146_TOPCON_SOLOS_420001417.xml,ZEISS_09,ZEISS,,94.602,13.152,93.25,94.602,,8.706,486,0,ok,True,
ZEISS_09_W04_20251217_173239_TOPCON_SOLOS_420001417.xml,ZEISS_09,ZEISS,,94.304,13.364,93.174,94.304,,9.002,486,0,ok,True,
ZEISS_09_W05_20251217_173311_TOPCON_SOLOS_420001417.xml,ZEISS_09,ZEISS,,93.893,13.121,92.847,93.893,,8.679,486,0,ok,True,
ZEISS_09_W06_20251217_173336_TOPCON_SOLOS_420001417.xml,ZEISS_09,ZEISS,,94.097,13.364,93.206,94.097,,9.002,486,0,ok,True,
ZEISS_09_W07_20251217_173359_TOPCON_SOLOS_420001417.xml,ZEISS_09,ZEISS,,94.199,12.97,93.104,94.199,,8.519,486,0,ok,True,
ZEISS_09_W08_20251217_173429_TOPCON_SOLOS_420001417.xml,ZEISS_09,ZEISS,,94.787,13.364,93.188,94.787,,9.002,486,0,ok,True,
ZEISS_09_W09_20251217_173455_TOPCON_SOLOS_420001417.xml,ZEISS_09,ZEISS,,94.848,13.167,93.705,94.848,,8.716,486,0,ok,True,
ZEISS_09_W10_20251217_173528_TOPCON_SOLOS_420001417.xml,ZEISS_09,ZEISS,,94.766,13.152,93.307,94.766,,8.711,486,0,ok,True,
ZEISS_10_W01_20251217_174232_TOPCON_SOLOS_420001417.xml,ZEISS_10,ZEISS,,94.245,13.152,93.041,94.245,,8.717,486,0,ok,True,
ZEISS_10_W02_20251217_174301_TOPCON_SOLOS_420001417.xml,ZEISS_10,ZEISS,,93.901,13.061,93.007,93.901,,8.63,486,0,ok,True,
ZEISS_10_W03_20251217_174329_TOPCON_SOLOS_420001417.xml,ZEISS_10,ZEISS,,95.041,13.364,93.532,95.041,,9.006,486,0,ok,True,
ZEISS_10_W04_20251217_174355_TOPCON_SOLOS_420001417.xml,ZEISS_10,ZEISS,,94.753,13.152,93.312,94.753,,8.711,486,0,ok,True,
ZEISS_10_W05_20251217_174419_TOPCON_SOLOS_420001417.xml,ZEISS_10,ZEISS,,94.863,13.364,93.652,94.863,,9.006,486,0,ok,True,
ZEISS_10_W06_20251217_174448_TOPCON_SOLOS_420001417.xml,ZEISS_10,ZEISS,,94.878,13.348,93.589,94.878,,8.991,486,0,ok,True,
ZEISS_10_W07_20251217_174515_TOPCON_SOLOS_420001417.xml,ZEISS_10,ZEISS,,94.413,13.364,93.138,94.413,,9.006,486,0,ok,True,
ZEISS_10_W08_20251217_174621_TOPCON_SOLOS_420001417.xml,ZEISS_10,ZEISS,,94.715,13.091,93.203,94.715,,8.66,486,0,ok,True,
ZEISS_10_W09_20251217_174650_TOPCON_SOLOS_420001417.xml,ZEISS_10,ZEISS,,95.084,13.333,93.597,95.084,,8.98,486,0,ok,True,
ZEISS_10_W10_20251217_174717_TOPCON_SOLOS_420001417.xml,ZEISS_10,ZEISS,,94.218,13.121,93.231,94.218,,8.691,486,0,ok,True,
